{"type":"FeatureCollection","features":[{"type":"Feature","properties":{"code":"31240120","name":"봉담읍","date":"20250630"},"geometry":{"type":"Polygon","coordinates":[[[126.956841,37.244661],[126.957293,37.244279],[126.957975,37.242932],[126.957959,37.241247],[126.957492,37.24027],[126.957656,37.2399],[126.960914,37.238198],[126.964128,37.237191],[126.96788,37.234818],[126.968133,37.234426],[126.968303,37.233272],[126.968664,37.232908],[126.969287,37.231474],[126.969487,37.230299],[126.969798,37.229804],[126.970686,37.229198],[126.971478,37.227869],[126.971877,37.226568],[126.97201,37.22501],[126.972851,37.223578],[126.974182,37.222388],[126.975023,37.221956],[126.975709,37.221983],[126.976951,37.220734],[126.978347,37.22086],[126.977778,37.220198],[126.9777,37.219707],[126.978839,37.218351],[126.978815,37.217763],[126.978593,37.217516],[126.978889,37.21674],[126.98035,37.214989],[126.980715,37.214077],[126.981807,37.213181],[126.980795,37.212895],[126.980059,37.212925],[126.979685,37.212491],[126.979552,37.211065],[126.979167,37.209867],[126.979271,37.209414],[126.979837,37.209136],[126.97975,37.208772],[126.980303,37.208072],[126.979751,37.207661],[126.979895,37.206965],[126.981045,37.206234],[126.982136,37.204775],[126.982333,37.204797],[126.98292,37.204138],[126.983418,37.203291],[126.984103,37.202777],[126.985144,37.20238],[126.985099,37.201698],[126.985396,37.20089],[126.984893,37.200099],[126.984905,37.199028],[126.983719,37.197541],[126.983946,37.196228],[126.98442,37.196189],[126.984471,37.195728],[126.982451,37.196288],[126.981675,37.197361],[126.98095,37.197582],[126.981062,37.197994],[126.979188,37.197975],[126.978757,37.198167],[126.976117,37.197794],[126.975296,37.197239],[126.975085,37.196866],[126.974322,37.196565],[126.974,37.196043],[126.973381,37.195822],[126.973129,37.195335],[126.972751,37.195223],[126.972052,37.195444],[126.971437,37.195406],[126.970556,37.196751],[126.969853,37.197266],[126.969048,37.19824],[126.967771,37.198275],[126.965552,37.197835],[126.963912,37.197281],[126.962118,37.197353],[126.961877,37.197161],[126.959754,37.196993],[126.958787,37.197148],[126.958442,37.197472],[126.955765,37.197259],[126.953799,37.196757],[126.952446,37.195043],[126.952064,37.195103],[126.951307,37.194484],[126.951084,37.193992],[126.950317,37.193465],[126.950898,37.192301],[126.950783,37.19173],[126.951817,37.190492],[126.951887,37.189688],[126.952602,37.189174],[126.950149,37.185311],[126.94962,37.18425],[126.949373,37.183522],[126.94951,37.183161],[126.949262,37.182835],[126.949378,37.182207],[126.94977,37.181803],[126.950263,37.180464],[126.950544,37.180321],[126.950371,37.179935],[126.950859,37.179316],[126.950851,37.178735],[126.951757,37.178115],[126.9518,37.177448],[126.952027,37.177127],[126.949446,37.17603],[126.94909,37.175314],[126.948967,37.174196],[126.948121,37.173755],[126.947356,37.173754],[126.945685,37.173288],[126.944429,37.17255],[126.943699,37.171846],[126.944065,37.171317],[126.944719,37.171048],[126.944921,37.170353],[126.944698,37.169144],[126.94487,37.168177],[126.945096,37.167688],[126.945731,37.167296],[126.94534,37.16673],[126.945654,37.164851],[126.945059,37.163481],[126.945401,37.162647],[126.94469,37.161468],[126.944673,37.16061],[126.945066,37.159592],[126.944778,37.159286],[126.944743,37.158785],[126.94383,37.158254],[126.944243,37.157666],[126.943762,37.157159],[126.94389,37.155916],[126.943739,37.155361],[126.943908,37.153708],[126.944707,37.15218],[126.946357,37.150463],[126.945868,37.150095],[126.94566,37.149515],[126.945794,37.147798],[126.945109,37.146089],[126.945436,37.145753],[126.945856,37.144718],[126.945873,37.144153],[126.944176,37.143841],[126.943504,37.144179],[126.942935,37.144131],[126.942065,37.142818],[126.941268,37.143113],[126.938941,37.144808],[126.937813,37.144901],[126.935565,37.145609],[126.932724,37.143468],[126.931625,37.143351],[126.93001,37.143526],[126.928673,37.143211],[126.928499,37.144697],[126.929294,37.145923],[126.929045,37.146375],[126.929123,37.147328],[126.929394,37.147945],[126.929957,37.148369],[126.931073,37.148673],[126.931445,37.149208],[126.932717,37.149531],[126.933213,37.149446],[126.933282,37.149811],[126.934082,37.150279],[126.934625,37.150962],[126.93582,37.155482],[126.936817,37.156891],[126.937463,37.157338],[126.93694,37.159708],[126.935196,37.160169],[126.934271,37.1607],[126.933652,37.160766],[126.933118,37.16059],[126.931414,37.161064],[126.930754,37.161729],[126.92987,37.161755],[126.929503,37.161419],[126.926186,37.160956],[126.925937,37.160655],[126.925013,37.160516],[126.925254,37.159894],[126.92428,37.159598],[126.924218,37.159189],[126.923587,37.15837],[126.922866,37.157808],[126.92231,37.156153],[126.920967,37.155032],[126.920767,37.155036],[126.920548,37.154686],[126.919592,37.154379],[126.91718,37.155633],[126.917016,37.155806],[126.917462,37.156139],[126.916736,37.156693],[126.914949,37.157348],[126.91588,37.159153],[126.915324,37.159721],[126.914619,37.16009],[126.91439,37.160462],[126.914524,37.160602],[126.914164,37.160669],[126.915039,37.161556],[126.915079,37.162782],[126.914887,37.163398],[126.915271,37.164024],[126.915308,37.165558],[126.915583,37.166142],[126.916519,37.165923],[126.917045,37.16622],[126.917357,37.166783],[126.918687,37.167067],[126.920839,37.167087],[126.921903,37.167415],[126.923275,37.168304],[126.923257,37.168448],[126.922301,37.1685],[126.920694,37.16917],[126.919313,37.169399],[126.918624,37.169709],[126.919639,37.170759],[126.919481,37.173193],[126.919001,37.1733],[126.918269,37.173965],[126.917156,37.175973],[126.917541,37.176604],[126.91918,37.177347],[126.919433,37.177651],[126.91913,37.178845],[126.920792,37.179061],[126.920989,37.179816],[126.920502,37.180761],[126.921021,37.182241],[126.920801,37.18375],[126.920402,37.184439],[126.920256,37.185164],[126.92043,37.185421],[126.920385,37.186028],[126.919517,37.186591],[126.919234,37.187666],[126.920002,37.188514],[126.919808,37.189094],[126.919955,37.189665],[126.918564,37.19013],[126.917712,37.190867],[126.915202,37.191458],[126.914694,37.191878],[126.913599,37.191654],[126.912346,37.191831],[126.911888,37.191455],[126.910751,37.191662],[126.910302,37.191435],[126.909318,37.192184],[126.908824,37.192312],[126.908572,37.192193],[126.908352,37.191692],[126.906705,37.191756],[126.906265,37.191167],[126.904862,37.192133],[126.904312,37.191991],[126.903264,37.192297],[126.902409,37.191923],[126.90165,37.192329],[126.901181,37.192342],[126.900518,37.192891],[126.900025,37.193861],[126.900665,37.194478],[126.900926,37.195103],[126.900835,37.195658],[126.901049,37.195967],[126.901864,37.196012],[126.903312,37.197989],[126.904269,37.198905],[126.904804,37.199146],[126.906187,37.1992],[126.906542,37.20115],[126.906421,37.201407],[126.90702,37.201731],[126.90673,37.202609],[126.906929,37.202804],[126.907034,37.204584],[126.906739,37.205139],[126.908517,37.207946],[126.907562,37.208119],[126.907512,37.208731],[126.906881,37.209433],[126.907311,37.210312],[126.907318,37.211332],[126.90713,37.211711],[126.904645,37.213445],[126.903739,37.214852],[126.903274,37.216309],[126.902823,37.21665],[126.903579,37.217044],[126.904019,37.217611],[126.905052,37.217857],[126.905371,37.218136],[126.905536,37.218592],[126.906142,37.21925],[126.906478,37.220254],[126.906971,37.220219],[126.908264,37.221524],[126.90976,37.221876],[126.909331,37.224538],[126.908833,37.225312],[126.90809,37.227268],[126.909306,37.228036],[126.910051,37.228177],[126.910115,37.229297],[126.910718,37.230458],[126.912068,37.231814],[126.913775,37.233013],[126.913184,37.233331],[126.912621,37.234175],[126.9127,37.234806],[126.912053,37.235131],[126.912503,37.23681],[126.912198,37.237493],[126.91243,37.238582],[126.913759,37.238357],[126.913817,37.238798],[126.914504,37.238623],[126.915337,37.238938],[126.917009,37.240414],[126.919241,37.239168],[126.920036,37.239082],[126.921362,37.239927],[126.921821,37.239854],[126.923104,37.239235],[126.925303,37.238987],[126.925201,37.238279],[126.924306,37.236862],[126.924486,37.235806],[126.924363,37.235211],[126.926748,37.23577],[126.927288,37.235605],[126.927593,37.235757],[126.928038,37.235401],[126.928265,37.236123],[126.928115,37.23651],[126.929708,37.238003],[126.929401,37.23948],[126.93004,37.241792],[126.930764,37.242846],[126.931977,37.242808],[126.931003,37.244396],[126.931818,37.244181],[126.932084,37.243829],[126.935475,37.243236],[126.936617,37.242729],[126.936972,37.242884],[126.938169,37.242746],[126.939783,37.241913],[126.941464,37.240153],[126.94216,37.239818],[126.942407,37.239467],[126.944197,37.238913],[126.946462,37.239243],[126.947404,37.240448],[126.947973,37.241803],[126.947938,37.242742],[126.948507,37.243285],[126.951102,37.242594],[126.953216,37.242465],[126.953516,37.242801],[126.954311,37.24313],[126.955453,37.244528],[126.955741,37.245172],[126.956694,37.245128],[126.956841,37.244661]]]}},{"type":"Feature","properties":{"code":"31240130","name":"우정읍","date":"20250630"},"geometry":{"type":"MultiPolygon","coordinates":[[[[126.725656,37.009092],[126.725435,37.009569],[126.725917,37.009467],[126.725656,37.009092]]],[[[126.725272,37.009959],[126.725267,37.009947],[126.725256,37.009935],[126.725245,37.009928],[126.725222,37.009913],[126.725201,37.00991],[126.725173,37.009909],[126.725159,37.009907],[126.725152,37.009898],[126.725145,37.009887],[126.725124,37.009878],[126.7251,37.009879],[126.725078,37.009888],[126.725065,37.009904],[126.725058,37.00992],[126.725054,37.009943],[126.725055,37.009957],[126.725065,37.009972],[126.725071,37.009975],[126.725107,37.009982],[126.725126,37.009981],[126.725137,37.009972],[126.725153,37.009959],[126.725162,37.009952],[126.725166,37.00995],[126.725174,37.009952],[126.725178,37.009965],[126.725185,37.009981],[126.725191,37.009992],[126.725203,37.010002],[126.725216,37.010006],[126.725234,37.010008],[126.725249,37.010008],[126.725261,37.010006],[126.725266,37.010001],[126.725273,37.009994],[126.725275,37.009981],[126.725275,37.009971],[126.725272,37.009959]]],[[[126.725752,37.010201],[126.725736,37.010197],[126.725725,37.010199],[126.725712,37.010204],[126.725689,37.010233],[126.725667,37.010246],[126.725649,37.010254],[126.725639,37.010257],[126.72563,37.010266],[126.725625,37.010276],[126.725625,37.010283],[126.725646,37.010335],[126.725661,37.010362],[126.725667,37.01037],[126.725672,37.010371],[126.725676,37.010371],[126.725681,37.01037],[126.725723,37.010353],[126.725739,37.010343],[126.725744,37.01034],[126.725745,37.010336],[126.725746,37.01032],[126.725747,37.010295],[126.725749,37.010263],[126.725756,37.010229],[126.725756,37.010211],[126.725752,37.010201]]],[[[126.724934,37.010285],[126.724897,37.010279],[126.724852,37.010292],[126.724845,37.010311],[126.724849,37.010324],[126.724857,37.010333],[126.724878,37.010352],[126.724932,37.010416],[126.724965,37.010426],[126.724993,37.010423],[126.724999,37.010414],[126.724999,37.010402],[126.724999,37.010387],[126.724963,37.010309],[126.724934,37.010285]]],[[[126.725778,37.01043],[126.725758,37.010428],[126.725753,37.010429],[126.725745,37.010434],[126.725721,37.010454],[126.725711,37.010464],[126.725709,37.010477],[126.72571,37.010488],[126.725714,37.010492],[126.72572,37.010501],[126.725751,37.010515],[126.725778,37.010528],[126.725816,37.010543],[126.725839,37.010561],[126.725881,37.010582],[126.725905,37.010578],[126.725912,37.010567],[126.725913,37.01055],[126.72591,37.01054],[126.725905,37.010531],[126.725894,37.010524],[126.725866,37.0105],[126.725846,37.010487],[126.725824,37.010475],[126.725808,37.010462],[126.725794,37.010444],[126.725784,37.010433],[126.725778,37.01043]]],[[[126.725281,37.010577],[126.72526,37.010535],[126.725237,37.010507],[126.725226,37.0105],[126.72522,37.010498],[126.725201,37.010497],[126.725197,37.010499],[126.725187,37.010504],[126.72518,37.010518],[126.72518,37.010532],[126.72518,37.010536],[126.725181,37.010546],[126.725188,37.01056],[126.725196,37.010565],[126.725212,37.010568],[126.725222,37.010568],[126.725227,37.010568],[126.725238,37.010571],[126.725252,37.010577],[126.72527,37.010584],[126.725279,37.010583],[126.725281,37.010577]]],[[[126.725303,37.010614],[126.725284,37.010604],[126.725268,37.010605],[126.725258,37.010608],[126.725241,37.010622],[126.725238,37.01063],[126.725243,37.010645],[126.725253,37.010652],[126.725266,37.010652],[126.725297,37.01064],[126.725305,37.010633],[126.725306,37.010624],[126.725305,37.010617],[126.725303,37.010614]]],[[[126.72555,37.01055],[126.725309,37.010516],[126.725447,37.010689],[126.72555,37.01055]]],[[[126.72468,37.010737],[126.724753,37.01038],[126.724389,37.01013],[126.723811,37.010599],[126.724322,37.011031],[126.72468,37.010737]]],[[[126.727659,37.013603],[126.728331,37.012793],[126.729491,37.012744],[126.728647,37.011738],[126.72724,37.011948],[126.727877,37.012091],[126.727658,37.012906],[126.72718,37.01355],[126.727659,37.013603]]],[[[126.740801,37.014477],[126.741229,37.014049],[126.741857,37.013932],[126.741468,37.013616],[126.741382,37.01379],[126.740645,37.013987],[126.740821,37.014317],[126.740452,37.014455],[126.740801,37.014477]]],[[[126.740141,37.014502],[126.740388,37.014442],[126.739753,37.014396],[126.739501,37.014665],[126.740141,37.014502]]],[[[126.733722,37.038771],[126.733655,37.038495],[126.733924,37.038157],[126.733037,37.038565],[126.729728,37.038832],[126.733722,37.038771]]],[[[126.739738,37.03882],[126.739725,37.038819],[126.739712,37.038822],[126.73967,37.038834],[126.739645,37.038848],[126.73964,37.038856],[126.73964,37.038868],[126.739642,37.038873],[126.739655,37.038887],[126.739718,37.038918],[126.739756,37.038926],[126.739766,37.038924],[126.739771,37.038915],[126.73977,37.038911],[126.739765,37.038903],[126.739753,37.038875],[126.739753,37.038846],[126.739747,37.038827],[126.739738,37.03882]]],[[[126.741325,37.039462],[126.741328,37.039461],[126.741352,37.039464],[126.741364,37.039465],[126.741368,37.039465],[126.741373,37.039458],[126.741372,37.039451],[126.74137,37.039445],[126.741363,37.039439],[126.741339,37.039419],[126.741302,37.039393],[126.741295,37.039392],[126.741286,37.039394],[126.741284,37.039401],[126.741286,37.03942],[126.741285,37.039424],[126.741279,37.039428],[126.741273,37.039429],[126.741248,37.039417],[126.741218,37.039405],[126.741207,37.039404],[126.741203,37.039425],[126.741204,37.039431],[126.74121,37.039438],[126.741303,37.039522],[126.741339,37.039547],[126.741343,37.039549],[126.741353,37.039548],[126.741363,37.039539],[126.741365,37.039532],[126.74136,37.039517],[126.741342,37.039492],[126.741323,37.039468],[126.741325,37.039462]]],[[[126.738573,37.039659],[126.73869,37.039618],[126.738376,37.039613],[126.738573,37.039659]]],[[[126.737456,37.039794],[126.737182,37.039792],[126.737218,37.040004],[126.737456,37.039794]]],[[[126.722124,37.044718],[126.722213,37.044608],[126.722066,37.044554],[126.722124,37.044718]]],[[[126.721628,37.045213],[126.721609,37.045211],[126.721587,37.045223],[126.721581,37.045234],[126.721582,37.045238],[126.721584,37.045247],[126.721593,37.045258],[126.721603,37.045264],[126.721615,37.045262],[126.721624,37.045255],[126.721636,37.045238],[126.721638,37.045228],[126.721636,37.045217],[126.721628,37.045213]]],[[[126.728573,37.045978],[126.728563,37.045977],[126.728545,37.045979],[126.728538,37.045981],[126.728532,37.045987],[126.728526,37.045996],[126.728523,37.046023],[126.728524,37.046039],[126.728533,37.046058],[126.728544,37.046067],[126.728559,37.046072],[126.728582,37.046073],[126.728622,37.046076],[126.728629,37.046075],[126.728639,37.04607],[126.728645,37.046058],[126.728647,37.046054],[126.728647,37.046043],[126.728642,37.046032],[126.728613,37.046021],[126.728594,37.046006],[126.72859,37.046001],[126.728584,37.045989],[126.728579,37.045983],[126.728573,37.045978]]],[[[126.728994,37.045932],[126.728933,37.045931],[126.728911,37.045935],[126.728896,37.045948],[126.728904,37.045968],[126.728912,37.04598],[126.728931,37.045995],[126.728987,37.046044],[126.729052,37.046122],[126.729104,37.046208],[126.729121,37.046221],[126.729195,37.046237],[126.729214,37.046235],[126.729246,37.046227],[126.729255,37.046217],[126.729254,37.046205],[126.729251,37.046197],[126.72916,37.046112],[126.729081,37.046039],[126.729046,37.045987],[126.729027,37.04594],[126.729013,37.045935],[126.728994,37.045932]]],[[[126.731083,37.046158],[126.731918,37.045636],[126.733516,37.046019],[126.733503,37.046177],[126.734093,37.045872],[126.732654,37.045465],[126.731309,37.045322],[126.729641,37.045733],[126.728712,37.045471],[126.728672,37.045258],[126.728144,37.045304],[126.725921,37.044517],[126.725549,37.043651],[126.725389,37.044054],[126.72561,37.044049],[126.725728,37.044489],[126.725067,37.044355],[126.723656,37.044573],[126.723803,37.044781],[126.724874,37.04454],[126.726024,37.044688],[126.727197,37.045336],[126.729813,37.045898],[126.73027,37.046174],[126.73081,37.046285],[126.731083,37.046158]]],[[[126.719848,37.048701],[126.720032,37.048506],[126.719924,37.048351],[126.719765,37.04839],[126.719835,37.048665],[126.719696,37.048608],[126.719848,37.048701]]],[[[126.549208,37.050735],[126.548977,37.050491],[126.54875,37.050592],[126.549208,37.050735]]],[[[126.716423,37.055258],[126.716411,37.055253],[126.716397,37.055261],[126.716394,37.055269],[126.716396,37.055278],[126.71646,37.055357],[126.716483,37.05538],[126.716532,37.055409],[126.716586,37.055431],[126.716602,37.055435],[126.716611,37.055437],[126.716615,37.055437],[126.716619,37.055436],[126.716625,37.055431],[126.716635,37.055414],[126.716635,37.055403],[126.716631,37.05539],[126.716606,37.055372],[126.716486,37.055305],[126.716423,37.055258]]],[[[126.559273,37.061661],[126.560173,37.061994],[126.560145,37.061744],[126.559786,37.061713],[126.559974,37.061526],[126.559799,37.061051],[126.560513,37.061045],[126.560611,37.061244],[126.560681,37.060789],[126.560532,37.060964],[126.558744,37.060747],[126.557801,37.059932],[126.558737,37.060838],[126.558426,37.061207],[126.557888,37.061151],[126.556392,37.060235],[126.55725,37.059709],[126.5564,37.060092],[126.556091,37.059877],[126.556387,37.059366],[126.556054,37.059821],[126.555396,37.059338],[126.55474,37.058279],[126.554833,37.057658],[126.555079,37.057374],[126.554799,37.057649],[126.554706,37.058245],[126.553287,37.057108],[126.554709,37.058295],[126.555409,37.059417],[126.55603,37.059859],[126.555284,37.059576],[126.554648,37.058278],[126.553649,37.058088],[126.55332,37.057821],[126.552572,37.056794],[126.552332,37.055757],[126.551554,37.054719],[126.551057,37.0544],[126.550818,37.053727],[126.549746,37.052756],[126.54961,37.052806],[126.549695,37.053334],[126.549339,37.053901],[126.549411,37.054371],[126.550432,37.054771],[126.5507,37.055055],[126.551203,37.054806],[126.55231,37.056517],[126.551962,37.056867],[126.551878,37.057301],[126.551463,37.057586],[126.551511,37.057973],[126.551142,37.058309],[126.551781,37.058298],[126.552928,37.059292],[126.553198,37.059839],[126.555133,37.062066],[126.55675,37.064594],[126.55755,37.064592],[126.557605,37.064424],[126.557106,37.06419],[126.557548,37.063303],[126.55805,37.062741],[126.558999,37.062143],[126.558831,37.061875],[126.559273,37.061661]]],[[[126.554697,37.068021],[126.554802,37.067933],[126.55462,37.067792],[126.554243,37.067708],[126.554224,37.067942],[126.554697,37.068021]]],[[[126.553864,37.072786],[126.554288,37.072312],[126.554368,37.07182],[126.554789,37.071639],[126.555122,37.07117],[126.555113,37.070587],[126.554856,37.070262],[126.55519,37.069603],[126.555596,37.069433],[126.554978,37.069273],[126.554806,37.068284],[126.554457,37.068321],[126.554277,37.068693],[126.55462,37.068969],[126.554725,37.069448],[126.554654,37.069635],[126.554209,37.069718],[126.554357,37.07003],[126.554089,37.070227],[126.554259,37.070589],[126.554055,37.071669],[126.553191,37.072169],[126.553864,37.072786]]],[[[126.537411,37.101229],[126.537411,37.10121],[126.537396,37.101194],[126.537304,37.101173],[126.537236,37.101188],[126.537218,37.1012],[126.537203,37.101218],[126.537216,37.10123],[126.537224,37.10123],[126.537257,37.101224],[126.537374,37.10124],[126.537397,37.101244],[126.537411,37.101229]]],[[[126.535542,37.114537],[126.535824,37.11432],[126.536363,37.114304],[126.536759,37.113777],[126.537413,37.11349],[126.537821,37.112636],[126.539437,37.112646],[126.5398,37.112158],[126.540933,37.111902],[126.540821,37.111563],[126.541171,37.110954],[126.541105,37.110516],[126.541457,37.109209],[126.541425,37.107931],[126.5417,37.10772],[126.541298,37.107506],[126.541242,37.105918],[126.541507,37.105384],[126.542128,37.105364],[126.541863,37.104816],[126.54195,37.103685],[126.542402,37.103732],[126.542431,37.104604],[126.542828,37.104588],[126.542614,37.104372],[126.542568,37.103695],[126.541762,37.103591],[126.541952,37.102836],[126.541067,37.102306],[126.540434,37.100988],[126.540521,37.10087],[126.5402,37.100571],[126.539497,37.099034],[126.539429,37.0984],[126.539907,37.098308],[126.540178,37.097953],[126.539965,37.09772],[126.539552,37.097752],[126.539068,37.09664],[126.539353,37.096119],[126.539363,37.095372],[126.5397,37.094885],[126.539348,37.094477],[126.539067,37.094663],[126.538463,37.094535],[126.538754,37.09418],[126.538355,37.093942],[126.537997,37.094007],[126.537751,37.094287],[126.538222,37.094307],[126.538406,37.094728],[126.537477,37.095087],[126.537699,37.095256],[126.53792,37.095119],[126.538239,37.095239],[126.538049,37.09557],[126.538398,37.095947],[126.537946,37.096311],[126.538761,37.096805],[126.539184,37.097911],[126.539061,37.098107],[126.539231,37.098993],[126.538486,37.099456],[126.538696,37.099713],[126.538569,37.100011],[126.539024,37.100314],[126.538929,37.101096],[126.538138,37.101704],[126.537755,37.102561],[126.537379,37.102873],[126.537792,37.103239],[126.538138,37.103945],[126.538531,37.105065],[126.538546,37.105663],[126.538292,37.106405],[126.538089,37.106452],[126.538263,37.106601],[126.537426,37.107181],[126.537541,37.107458],[126.537247,37.108944],[126.537447,37.109532],[126.537947,37.10985],[126.538282,37.11094],[126.537768,37.112643],[126.537082,37.112853],[126.53677,37.113294],[126.536005,37.113382],[126.535494,37.114044],[126.535346,37.114011],[126.535282,37.114598],[126.535542,37.114537]]],[[[126.529656,37.121038],[126.529828,37.120813],[126.529577,37.120512],[126.529234,37.120839],[126.529656,37.121038]]],[[[126.806961,37.139088],[126.807094,37.138697],[126.807856,37.139262],[126.809271,37.139106],[126.810175,37.139754],[126.811784,37.13911],[126.81193,37.138879],[126.812198,37.139219],[126.812058,37.139529],[126.812297,37.139734],[126.813707,37.138614],[126.814973,37.137209],[126.824354,37.129467],[126.828683,37.130022],[126.829021,37.129829],[126.828585,37.127885],[126.827094,37.128267],[126.825784,37.128238],[126.826015,37.12772],[126.825847,37.127686],[126.826261,37.126379],[126.828471,37.123729],[126.828087,37.122742],[126.829293,37.122325],[126.829439,37.12128],[126.829666,37.121148],[126.830046,37.120048],[126.830067,37.11952],[126.829612,37.119056],[126.830252,37.118803],[126.830474,37.118255],[126.829742,37.117861],[126.829676,37.117308],[126.827367,37.117077],[126.824322,37.117649],[126.820883,37.116383],[126.818162,37.116658],[126.814178,37.116338],[126.814295,37.114699],[126.814717,37.113753],[126.814491,37.112759],[126.814561,37.11215],[126.814218,37.11134],[126.814226,37.110291],[126.814534,37.10985],[126.813902,37.109722],[126.815001,37.1097],[126.814654,37.108735],[126.815085,37.108469],[126.815734,37.108415],[126.816893,37.108953],[126.818339,37.10848],[126.818417,37.107948],[126.81878,37.107349],[126.819541,37.106566],[126.819047,37.106315],[126.817916,37.10652],[126.817686,37.104737],[126.817944,37.104427],[126.818731,37.104455],[126.819872,37.103372],[126.820542,37.103192],[126.822119,37.103802],[126.822524,37.102925],[126.824526,37.103811],[126.824775,37.10309],[126.826251,37.10257],[126.826725,37.102465],[126.827243,37.102814],[126.828422,37.102821],[126.830007,37.101982],[126.831158,37.101618],[126.831449,37.101051],[126.832432,37.100501],[126.832596,37.099849],[126.83344,37.099528],[126.833858,37.099071],[126.831037,37.097607],[126.830069,37.097578],[126.829771,37.097785],[126.828671,37.096786],[126.827919,37.09657],[126.827819,37.096216],[126.828075,37.095783],[126.828137,37.094716],[126.828406,37.094384],[126.828373,37.093688],[126.828087,37.093253],[126.828156,37.09256],[126.828914,37.091881],[126.829081,37.091471],[126.82833,37.090385],[126.828506,37.089986],[126.827629,37.088128],[126.826501,37.087304],[126.826526,37.086852],[126.824817,37.086641],[126.824865,37.086232],[126.823695,37.086231],[126.823213,37.086014],[126.823159,37.085563],[126.822934,37.085424],[126.823372,37.084808],[126.822405,37.084385],[126.822707,37.08364],[126.821933,37.083264],[126.821027,37.082283],[126.820145,37.081926],[126.819163,37.080924],[126.817905,37.080087],[126.817121,37.079732],[126.816329,37.079782],[126.815197,37.079283],[126.814219,37.08092],[126.813205,37.080872],[126.812268,37.081281],[126.810233,37.081131],[126.809112,37.080017],[126.808135,37.079688],[126.80821,37.078289],[126.808027,37.077653],[126.806976,37.077135],[126.806535,37.076349],[126.807326,37.075364],[126.807534,37.074207],[126.808831,37.073811],[126.808803,37.07357],[126.809491,37.073385],[126.811446,37.074047],[126.811866,37.07399],[126.812132,37.072999],[126.812433,37.072612],[126.812543,37.07158],[126.811715,37.07122],[126.811794,37.071115],[126.810822,37.070063],[126.807716,37.068133],[126.806513,37.067797],[126.805183,37.066893],[126.803325,37.066517],[126.802388,37.066512],[126.80194,37.066271],[126.801521,37.065308],[126.800276,37.063993],[126.799348,37.063791],[126.798775,37.064002],[126.798278,37.063769],[126.798068,37.063349],[126.797371,37.062834],[126.796323,37.062538],[126.796227,37.062118],[126.79655,37.060696],[126.796046,37.05962],[126.796054,37.059487],[126.79639,37.059482],[126.796419,37.05919],[126.796042,37.059201],[126.795933,37.058923],[126.795918,37.056563],[126.796071,37.056235],[126.797048,37.055852],[126.797635,37.055376],[126.798256,37.054528],[126.800463,37.05342],[126.800948,37.052584],[126.801702,37.052133],[126.801797,37.051811],[126.800697,37.051175],[126.801036,37.049991],[126.801797,37.05012],[126.803045,37.049205],[126.804923,37.048559],[126.806638,37.04888],[126.80714,37.048468],[126.808506,37.04862],[126.809461,37.048075],[126.809952,37.047561],[126.810189,37.047662],[126.81056,37.047121],[126.810868,37.045308],[126.811376,37.044415],[126.811199,37.043111],[126.811413,37.042208],[126.810046,37.041412],[126.810839,37.040393],[126.810737,37.039858],[126.811286,37.038239],[126.811517,37.038122],[126.811346,37.037673],[126.811085,37.037713],[126.810893,37.036768],[126.810937,37.036565],[126.811306,37.036502],[126.811028,37.036337],[126.811852,37.036035],[126.813011,37.035091],[126.813098,37.034394],[126.812793,37.034394],[126.812661,37.033764],[126.812662,37.027988],[126.809841,37.025483],[126.809185,37.02455],[126.809499,37.024137],[126.810559,37.023635],[126.811091,37.023154],[126.81261,37.020712],[126.812621,37.013409],[126.797672,37.013405],[126.797509,37.016159],[126.797246,37.016835],[126.795667,37.018376],[126.795174,37.025629],[126.794597,37.026475],[126.791729,37.028205],[126.791551,37.028187],[126.791742,37.028081],[126.791249,37.028092],[126.791218,37.028323],[126.79081,37.028452],[126.790907,37.028732],[126.790723,37.028866],[126.79039,37.028538],[126.790769,37.028594],[126.790728,37.028467],[126.790222,37.028339],[126.790027,37.028775],[126.790505,37.029015],[126.789641,37.029642],[126.788817,37.029606],[126.788457,37.029826],[126.787596,37.029854],[126.769143,37.029614],[126.76789,37.029752],[126.767481,37.030002],[126.767142,37.029864],[126.767099,37.029619],[126.766883,37.029637],[126.766687,37.028424],[126.764708,37.028468],[126.764801,37.028666],[126.766307,37.028663],[126.766514,37.02879],[126.766661,37.029505],[126.764047,37.029499],[126.764031,37.027435],[126.763882,37.027164],[126.763762,37.029563],[126.763565,37.02974],[126.752267,37.029613],[126.750577,37.029712],[126.749619,37.030095],[126.74877,37.031126],[126.748701,37.032811],[126.747894,37.032915],[126.748809,37.033017],[126.748798,37.035166],[126.748152,37.035126],[126.748104,37.03375],[126.747319,37.033726],[126.74774,37.033296],[126.746875,37.033819],[126.744189,37.030797],[126.746948,37.033992],[126.746988,37.034502],[126.747231,37.034852],[126.746601,37.036025],[126.739527,37.039465],[126.73627,37.039199],[126.735773,37.038686],[126.733995,37.038232],[126.734155,37.038636],[126.736235,37.039253],[126.739545,37.039515],[126.745324,37.036711],[126.745517,37.03696],[126.74528,37.037925],[126.745261,37.039752],[126.745798,37.042367],[126.747783,37.046281],[126.747995,37.046878],[126.747875,37.046916],[126.748106,37.047011],[126.748812,37.04886],[126.749474,37.049047],[126.751675,37.051324],[126.752919,37.052287],[126.754723,37.054119],[126.75517,37.054275],[126.754919,37.054347],[126.755263,37.054378],[126.756681,37.055456],[126.733553,37.073467],[126.732932,37.073],[126.732425,37.073316],[126.731312,37.072406],[126.732117,37.071832],[126.731896,37.071624],[126.731159,37.072181],[126.729982,37.071166],[126.72969,37.071341],[126.725258,37.071413],[126.725266,37.071551],[126.729814,37.071452],[126.732036,37.073271],[126.731845,37.073892],[126.732304,37.074437],[126.684445,37.111774],[126.684156,37.111672],[126.683567,37.11052],[126.684358,37.109802],[126.683492,37.110508],[126.684155,37.112008],[126.683562,37.112828],[126.682594,37.112863],[126.682584,37.113268],[126.683458,37.113264],[126.683679,37.113525],[126.685961,37.113287],[126.686403,37.112965],[126.686197,37.112848],[126.686122,37.111635],[126.688891,37.109476],[126.689812,37.10934],[126.69789,37.10303],[126.698095,37.102105],[126.732432,37.075131],[126.733055,37.074998],[126.733536,37.074622],[126.73519,37.076065],[126.735282,37.076409],[126.730377,37.085765],[126.72533,37.118397],[126.725439,37.119408],[126.725858,37.120384],[126.729433,37.124968],[126.737252,37.131696],[126.746126,37.137935],[126.755034,37.140948],[126.760644,37.142376],[126.770097,37.143351],[126.803522,37.148811],[126.806111,37.14186],[126.806961,37.139088]]]]}},{"type":"Feature","properties":{"code":"31240140","name":"향남읍","date":"20250630"},"geometry":{"type":"Polygon","coordinates":[[[126.947574,37.150025],[126.948204,37.150075],[126.948987,37.149475],[126.949742,37.149249],[126.950174,37.14882],[126.950817,37.148854],[126.952361,37.148435],[126.95241,37.147438],[126.952686,37.146758],[126.952575,37.146503],[126.953014,37.145421],[126.954916,37.145052],[126.955033,37.143885],[126.955404,37.143494],[126.957807,37.142709],[126.958369,37.142578],[126.958674,37.143041],[126.959424,37.143525],[126.959949,37.144688],[126.960689,37.144342],[126.960785,37.144059],[126.963289,37.143611],[126.964125,37.143754],[126.964625,37.14356],[126.967124,37.14374],[126.967558,37.14436],[126.968032,37.144317],[126.969184,37.14463],[126.970161,37.143668],[126.972175,37.143804],[126.974093,37.143377],[126.9749,37.142644],[126.976016,37.143013],[126.977994,37.142986],[126.978576,37.143418],[126.97921,37.14312],[126.979724,37.142184],[126.982255,37.141591],[126.982271,37.140278],[126.982124,37.139987],[126.982531,37.138725],[126.982544,37.137856],[126.982003,37.135647],[126.982261,37.134813],[126.98271,37.134562],[126.983453,37.133598],[126.983806,37.133638],[126.984372,37.133251],[126.984512,37.132744],[126.985597,37.132513],[126.985927,37.131521],[126.987507,37.129807],[126.988559,37.129559],[126.989365,37.129688],[126.990257,37.12916],[126.991453,37.129085],[126.993193,37.129861],[126.996133,37.129328],[126.997385,37.127888],[126.996818,37.1262],[126.996769,37.124717],[126.997316,37.124193],[126.997605,37.124313],[126.999453,37.123705],[126.998751,37.123151],[126.996694,37.123396],[126.99479,37.122684],[126.993938,37.12222],[126.993252,37.121542],[126.992435,37.120072],[126.992568,37.11976],[126.990817,37.119068],[126.989143,37.120016],[126.989194,37.120627],[126.988954,37.120975],[126.987823,37.121411],[126.986792,37.121514],[126.985877,37.121024],[126.984319,37.119619],[126.982296,37.119674],[126.980623,37.119471],[126.978389,37.120153],[126.976013,37.11976],[126.975976,37.119362],[126.974979,37.118513],[126.97477,37.117541],[126.973935,37.117244],[126.973317,37.116581],[126.973309,37.116343],[126.973707,37.116135],[126.973778,37.115268],[126.973173,37.114018],[126.973062,37.113249],[126.97361,37.112782],[126.973206,37.111849],[126.972384,37.111047],[126.971402,37.109127],[126.969984,37.10929],[126.970026,37.108945],[126.969553,37.108701],[126.968399,37.107387],[126.966844,37.107136],[126.965637,37.106632],[126.964804,37.105954],[126.964812,37.105501],[126.96445,37.105483],[126.963735,37.105918],[126.962991,37.107044],[126.961805,37.107484],[126.961359,37.107428],[126.960435,37.107855],[126.960345,37.108166],[126.958047,37.108728],[126.957416,37.108341],[126.956725,37.108271],[126.955502,37.108668],[126.955214,37.10853],[126.954402,37.107017],[126.954605,37.106747],[126.954474,37.106436],[126.954642,37.106108],[126.955345,37.10548],[126.954603,37.104768],[126.954863,37.103821],[126.95467,37.10283],[126.954327,37.102088],[126.953763,37.101798],[126.954184,37.10109],[126.953892,37.100496],[126.954005,37.100249],[126.953843,37.099452],[126.95255,37.099247],[126.951166,37.09867],[126.949614,37.09859],[126.949012,37.098001],[126.948467,37.09807],[126.948521,37.097094],[126.947948,37.097132],[126.948031,37.09802],[126.94742,37.098059],[126.947388,37.097838],[126.946481,37.097569],[126.945912,37.096817],[126.945471,37.096616],[126.945282,37.096723],[126.945027,37.097223],[126.945975,37.09975],[126.94568,37.100823],[126.944729,37.100505],[126.944283,37.101315],[126.94363,37.101078],[126.943411,37.10122],[126.943152,37.101584],[126.943072,37.102283],[126.942864,37.102426],[126.94251,37.102548],[126.942419,37.101851],[126.941998,37.101965],[126.940583,37.102572],[126.940099,37.103364],[126.938134,37.103819],[126.937703,37.104364],[126.937763,37.104829],[126.937155,37.105992],[126.935771,37.105495],[126.935159,37.105774],[126.932827,37.105771],[126.932802,37.105148],[126.93219,37.104594],[126.932469,37.104024],[126.931853,37.103392],[126.931884,37.102861],[126.931398,37.102222],[126.930543,37.101653],[126.929338,37.101676],[126.928619,37.10037],[126.928674,37.100153],[126.928423,37.100006],[126.925695,37.099355],[126.92615,37.094976],[126.92687,37.093659],[126.926656,37.090315],[126.927178,37.088754],[126.927332,37.087577],[126.927703,37.08702],[126.927317,37.08612],[126.92721,37.084998],[126.926993,37.084845],[126.926742,37.084012],[126.926516,37.082619],[126.926963,37.081912],[126.925883,37.081277],[126.923825,37.080875],[126.922583,37.081144],[126.921353,37.081156],[126.920913,37.080155],[126.918346,37.079747],[126.916618,37.080279],[126.915595,37.079764],[126.91288,37.079149],[126.912127,37.078615],[126.91178,37.078616],[126.911059,37.077749],[126.910441,37.077389],[126.910112,37.076707],[126.909696,37.076338],[126.908312,37.075512],[126.906988,37.075107],[126.905897,37.074165],[126.901983,37.071942],[126.901356,37.070086],[126.898556,37.069642],[126.897703,37.068623],[126.896084,37.068468],[126.891094,37.067013],[126.885258,37.066692],[126.88374,37.066988],[126.883016,37.073082],[126.880657,37.079636],[126.879995,37.082912],[126.879098,37.084629],[126.878342,37.087394],[126.87823,37.088439],[126.878369,37.089466],[126.879968,37.093537],[126.880349,37.094064],[126.882976,37.096163],[126.88391,37.098827],[126.884484,37.099222],[126.886024,37.099534],[126.886906,37.100063],[126.887169,37.101392],[126.888179,37.102939],[126.888526,37.103804],[126.888422,37.104833],[126.888167,37.105151],[126.887762,37.105318],[126.886275,37.104927],[126.88547,37.105157],[126.884822,37.105845],[126.884576,37.106398],[126.884959,37.107075],[126.885924,37.107884],[126.885652,37.108065],[126.886419,37.108882],[126.886974,37.110534],[126.888051,37.111963],[126.888216,37.112399],[126.887894,37.112904],[126.888844,37.114999],[126.890115,37.115278],[126.890547,37.116262],[126.890578,37.116449],[126.889913,37.117305],[126.890197,37.119153],[126.89041,37.119511],[126.889757,37.121655],[126.889641,37.122762],[126.887819,37.123276],[126.887007,37.124476],[126.888451,37.125713],[126.888656,37.126219],[126.888623,37.126803],[126.888899,37.126959],[126.888768,37.127483],[126.887841,37.12797],[126.888556,37.127883],[126.889341,37.128483],[126.889979,37.130299],[126.890908,37.131989],[126.891143,37.133037],[126.892466,37.1355],[126.893585,37.134667],[126.894329,37.134881],[126.894914,37.13524],[126.89547,37.136063],[126.89541,37.137009],[126.895898,37.137584],[126.895623,37.13862],[126.896654,37.138681],[126.898083,37.138371],[126.896974,37.141327],[126.897769,37.141067],[126.898086,37.140742],[126.899291,37.142086],[126.899825,37.14326],[126.89974,37.143418],[126.901728,37.145544],[126.901967,37.146102],[126.904138,37.146549],[126.903963,37.147391],[126.903416,37.147769],[126.903526,37.148608],[126.905378,37.150188],[126.906888,37.149297],[126.90739,37.149248],[126.907693,37.14886],[126.911921,37.146493],[126.9114,37.145501],[126.910945,37.143473],[126.910907,37.141983],[126.910555,37.141677],[126.91036,37.140649],[126.911291,37.140721],[126.913571,37.140419],[126.914206,37.140058],[126.915491,37.1403],[126.915541,37.140016],[126.916368,37.140685],[126.91649,37.140545],[126.916998,37.140784],[126.916986,37.141143],[126.917246,37.14146],[126.91851,37.141901],[126.919519,37.142568],[126.920215,37.142794],[126.9213,37.142664],[126.921884,37.143311],[126.924725,37.143894],[126.92535,37.144508],[126.929148,37.146175],[126.929277,37.145875],[126.928499,37.144697],[126.928673,37.143211],[126.93001,37.143526],[126.931625,37.143351],[126.932724,37.143468],[126.935565,37.145609],[126.937813,37.144901],[126.938941,37.144808],[126.941268,37.143113],[126.942065,37.142818],[126.942935,37.144131],[126.943504,37.144179],[126.944176,37.143841],[126.945873,37.144153],[126.945856,37.144718],[126.945436,37.145753],[126.945109,37.146089],[126.945794,37.147798],[126.94566,37.149515],[126.945868,37.150095],[126.946357,37.150463],[126.947574,37.150025]]]}},{"type":"Feature","properties":{"code":"31240150","name":"남양읍","date":"20250630"},"geometry":{"type":"Polygon","coordinates":[[[126.814066,37.284764],[126.812091,37.284159],[126.81233,37.283919],[126.811945,37.283151],[126.811232,37.283274],[126.810944,37.283004],[126.810628,37.282601],[126.810708,37.282225],[126.810533,37.281761],[126.81003,37.28129],[126.809801,37.280601],[126.809679,37.28066],[126.810071,37.280182],[126.811525,37.279311],[126.811674,37.279002],[126.813612,37.278569],[126.814888,37.27767],[126.815593,37.277769],[126.816355,37.277222],[126.817582,37.276946],[126.818993,37.276213],[126.820647,37.275664],[126.821329,37.275082],[126.823324,37.274028],[126.823825,37.273263],[126.824969,37.272882],[126.824227,37.272687],[126.825436,37.272581],[126.825652,37.272251],[126.825344,37.271628],[126.826708,37.271029],[126.827313,37.270518],[126.827582,37.270623],[126.827864,37.27042],[126.828901,37.270642],[126.831285,37.273783],[126.835392,37.271028],[126.837371,37.27072],[126.84144,37.266287],[126.839338,37.264398],[126.838608,37.264025],[126.837482,37.262838],[126.837158,37.261817],[126.836626,37.261446],[126.836143,37.260211],[126.835065,37.259065],[126.834449,37.257873],[126.833697,37.257513],[126.833393,37.256714],[126.834186,37.254591],[126.832949,37.25433],[126.832337,37.253654],[126.832351,37.2533],[126.830701,37.253698],[126.829851,37.252762],[126.828639,37.252587],[126.827712,37.251871],[126.827413,37.25193],[126.826956,37.25146],[126.827338,37.250528],[126.8264,37.248574],[126.826849,37.246927],[126.826514,37.245372],[126.827331,37.243087],[126.82622,37.242174],[126.826311,37.241151],[126.826035,37.240893],[126.825513,37.238981],[126.824615,37.238193],[126.823765,37.236745],[126.825393,37.235838],[126.825336,37.235196],[126.826947,37.235308],[126.827512,37.232772],[126.827844,37.232214],[126.828117,37.232162],[126.828321,37.230411],[126.829261,37.229963],[126.830494,37.23046],[126.831011,37.230346],[126.831691,37.23056],[126.834431,37.230647],[126.835191,37.230532],[126.835714,37.232228],[126.836841,37.232366],[126.837328,37.232147],[126.839176,37.232283],[126.839717,37.231742],[126.840214,37.2308],[126.840199,37.230255],[126.841114,37.229625],[126.842387,37.229154],[126.843386,37.228933],[126.844456,37.229008],[126.845079,37.229251],[126.845472,37.229165],[126.846065,37.228942],[126.847074,37.227731],[126.848545,37.227243],[126.849139,37.227618],[126.849578,37.228213],[126.850743,37.228284],[126.850602,37.227425],[126.849929,37.226292],[126.850648,37.223892],[126.850132,37.223057],[126.85024,37.222151],[126.850092,37.221214],[126.84895,37.220581],[126.848989,37.220186],[126.849856,37.219698],[126.850273,37.219693],[126.851188,37.219698],[126.852872,37.220189],[126.853207,37.218715],[126.853685,37.218217],[126.854656,37.218247],[126.854855,37.217307],[126.854399,37.215724],[126.856019,37.215305],[126.856374,37.214321],[126.856892,37.214264],[126.857606,37.213823],[126.859153,37.214116],[126.860322,37.213689],[126.861112,37.213883],[126.862031,37.212229],[126.862464,37.211935],[126.863529,37.211558],[126.864212,37.211971],[126.865578,37.21164],[126.865474,37.209912],[126.866997,37.20944],[126.866242,37.208069],[126.866209,37.20705],[126.865501,37.206279],[126.865987,37.204497],[126.865241,37.204071],[126.86483,37.203327],[126.865133,37.202998],[126.864747,37.202934],[126.863759,37.202218],[126.862714,37.200304],[126.862372,37.200031],[126.862497,37.199547],[126.862193,37.199298],[126.862181,37.198879],[126.862357,37.197967],[126.862826,37.19635],[126.863189,37.195948],[126.861847,37.195347],[126.860629,37.195123],[126.8605,37.194766],[126.860632,37.19403],[126.859726,37.193151],[126.859774,37.192351],[126.860595,37.191282],[126.86062,37.190441],[126.861051,37.189871],[126.860295,37.189233],[126.860264,37.188828],[126.859961,37.188471],[126.858903,37.188327],[126.857827,37.187885],[126.857431,37.187154],[126.85737,37.186299],[126.857555,37.185677],[126.857063,37.185627],[126.85668,37.184816],[126.857707,37.184129],[126.857622,37.18362],[126.858079,37.183417],[126.858067,37.182641],[126.858873,37.182138],[126.861124,37.181533],[126.860865,37.180304],[126.860086,37.179409],[126.859743,37.178502],[126.860652,37.17694],[126.8609,37.176771],[126.863314,37.176911],[126.863603,37.176698],[126.863606,37.176392],[126.864219,37.176064],[126.864604,37.175273],[126.865075,37.175068],[126.865108,37.174775],[126.862173,37.171024],[126.862314,37.169279],[126.862733,37.169104],[126.862444,37.168621],[126.858662,37.164987],[126.854382,37.16325],[126.851715,37.162653],[126.848826,37.160443],[126.84507,37.1587],[126.844791,37.158339],[126.844855,37.157357],[126.844682,37.15693],[126.843301,37.155551],[126.840451,37.154016],[126.839464,37.15303],[126.835622,37.151852],[126.832131,37.15139],[126.831097,37.150917],[126.830549,37.15032],[126.829812,37.150085],[126.824823,37.149847],[126.823135,37.150026],[126.823039,37.149764],[126.820339,37.150462],[126.819011,37.150497],[126.811243,37.149307],[126.806014,37.148764],[126.803701,37.148293],[126.802697,37.150561],[126.782349,37.147734],[126.775154,37.146875],[126.76931,37.14671],[126.756152,37.144968],[126.745685,37.142355],[126.74303,37.141537],[126.738688,37.139606],[126.738028,37.139487],[126.737543,37.139741],[126.737289,37.140126],[126.737248,37.140641],[126.737599,37.14123],[126.741815,37.145063],[126.749764,37.151024],[126.753658,37.153166],[126.755369,37.153792],[126.75892,37.154473],[126.774261,37.156056],[126.778036,37.157725],[126.784481,37.163082],[126.788174,37.166515],[126.789704,37.168647],[126.7907,37.170441],[126.791797,37.174288],[126.789802,37.17512],[126.79475,37.181534],[126.794765,37.185739],[126.790569,37.187404],[126.791324,37.187708],[126.791545,37.187161],[126.79257,37.18703],[126.79553,37.186148],[126.796426,37.187358],[126.796091,37.188592],[126.7972,37.19054],[126.797794,37.192522],[126.795276,37.193356],[126.794034,37.194616],[126.792337,37.195614],[126.791533,37.197169],[126.791369,37.198564],[126.790073,37.199998],[126.791535,37.201238],[126.791183,37.202315],[126.79162,37.202361],[126.791671,37.202525],[126.791542,37.20271],[126.791101,37.20268],[126.791756,37.203755],[126.793479,37.204277],[126.79498,37.205052],[126.79506,37.205528],[126.794812,37.205921],[126.794601,37.207371],[126.796193,37.208891],[126.79611,37.209376],[126.796331,37.210234],[126.796762,37.210684],[126.797538,37.21093],[126.798259,37.211879],[126.798748,37.211772],[126.800254,37.213356],[126.801547,37.213563],[126.801869,37.214309],[126.80136,37.215703],[126.79905,37.21932],[126.7999,37.219473],[126.799813,37.219685],[126.798567,37.219565],[126.798445,37.219736],[126.798626,37.219933],[126.798545,37.220248],[126.7993,37.220363],[126.798958,37.221437],[126.799298,37.221793],[126.799288,37.222299],[126.797089,37.224612],[126.797269,37.224871],[126.797187,37.225327],[126.796823,37.225754],[126.794561,37.226536],[126.794226,37.227186],[126.794392,37.227693],[126.793996,37.22791],[126.794055,37.228141],[126.793742,37.228361],[126.793083,37.228595],[126.793201,37.229535],[126.792728,37.229873],[126.792681,37.230486],[126.792205,37.230832],[126.791492,37.231807],[126.790533,37.23253],[126.789297,37.232476],[126.789243,37.232725],[126.788779,37.232383],[126.787787,37.232448],[126.787226,37.232636],[126.786963,37.232988],[126.786548,37.233084],[126.786301,37.232904],[126.786009,37.233171],[126.785015,37.232364],[126.784876,37.231866],[126.783214,37.23042],[126.783067,37.23327],[126.778435,37.237416],[126.777374,37.239103],[126.777118,37.240961],[126.777086,37.250086],[126.789299,37.250105],[126.788306,37.255192],[126.793369,37.259231],[126.793273,37.260177],[126.792159,37.260923],[126.791562,37.261877],[126.7918,37.262731],[126.792323,37.263596],[126.792332,37.263888],[126.791889,37.264301],[126.792066,37.264704],[126.792407,37.26457],[126.792381,37.264743],[126.791967,37.264771],[126.792006,37.265015],[126.791734,37.265145],[126.791192,37.265952],[126.790667,37.266061],[126.790682,37.266501],[126.790324,37.267169],[126.790661,37.267087],[126.791359,37.267594],[126.791687,37.268177],[126.792137,37.268235],[126.792308,37.268675],[126.792555,37.268747],[126.792623,37.268464],[126.795065,37.268671],[126.795181,37.269154],[126.795614,37.269421],[126.795742,37.27015],[126.796284,37.270727],[126.797667,37.270638],[126.800721,37.269425],[126.800996,37.269536],[126.802143,37.269165],[126.802798,37.269169],[126.804061,37.267878],[126.80576,37.267955],[126.808837,37.266808],[126.809036,37.266457],[126.808878,37.266393],[126.810624,37.266972],[126.811221,37.267628],[126.810794,37.268124],[126.811025,37.268163],[126.810976,37.268343],[126.810656,37.26858],[126.810885,37.26888],[126.809594,37.268952],[126.809098,37.268758],[126.809054,37.268439],[126.80856,37.268566],[126.808575,37.269116],[126.808262,37.269407],[126.808257,37.270026],[126.806207,37.272786],[126.806028,37.273322],[126.805806,37.273421],[126.805481,37.274758],[126.804072,37.276823],[126.803268,37.277087],[126.802601,37.276931],[126.801288,37.277773],[126.800283,37.277966],[126.800495,37.278626],[126.800788,37.278626],[126.801409,37.278164],[126.801623,37.278229],[126.803303,37.279553],[126.805148,37.284617],[126.806882,37.284821],[126.808393,37.285891],[126.809654,37.286007],[126.810554,37.286632],[126.812585,37.286079],[126.814066,37.284764]]]}},{"type":"Feature","properties":{"code":"31240310","name":"매송면","date":"20250630"},"geometry":{"type":"Polygon","coordinates":[[[126.900928,37.291427],[126.901793,37.291404],[126.902474,37.290739],[126.903765,37.291125],[126.905615,37.290008],[126.906632,37.289948],[126.909258,37.289961],[126.911586,37.290265],[126.912737,37.290184],[126.913977,37.290748],[126.914558,37.290654],[126.91545,37.289758],[126.916427,37.287889],[126.917545,37.28653],[126.917975,37.285309],[126.919165,37.284841],[126.920237,37.284009],[126.920994,37.282986],[126.921496,37.28291],[126.923262,37.281384],[126.924283,37.281457],[126.924881,37.28116],[126.925745,37.279633],[126.927287,37.278805],[126.927781,37.27818],[126.927636,37.277396],[126.928448,37.276779],[126.928538,37.276504],[126.927993,37.275048],[126.928096,37.273995],[126.927346,37.273417],[126.927308,37.272669],[126.926981,37.272061],[126.927061,37.271336],[126.928589,37.271121],[126.928488,37.270575],[126.929587,37.270598],[126.928962,37.269522],[126.92819,37.268881],[126.928907,37.267999],[126.928896,37.267508],[126.92916,37.267091],[126.929624,37.266778],[126.929422,37.266193],[126.929597,37.265859],[126.929593,37.264494],[126.930146,37.264021],[126.930639,37.261075],[126.932296,37.260811],[126.93286,37.260306],[126.93307,37.259576],[126.935173,37.258091],[126.935207,37.257397],[126.935794,37.256861],[126.939075,37.256669],[126.94081,37.256927],[126.94156,37.256716],[126.942484,37.256991],[126.944339,37.256996],[126.946756,37.257457],[126.948391,37.256777],[126.950083,37.25571],[126.949768,37.254323],[126.950033,37.253769],[126.950422,37.253462],[126.950361,37.252922],[126.950592,37.252462],[126.952497,37.251729],[126.952894,37.248747],[126.953638,37.248021],[126.954997,37.247486],[126.956175,37.246761],[126.956696,37.245127],[126.955741,37.245172],[126.955453,37.244528],[126.954311,37.24313],[126.953516,37.242801],[126.953216,37.242465],[126.951102,37.242594],[126.948507,37.243285],[126.947938,37.242742],[126.947973,37.241803],[126.947404,37.240448],[126.946462,37.239243],[126.944197,37.238913],[126.942407,37.239467],[126.94216,37.239818],[126.941464,37.240153],[126.939783,37.241913],[126.938169,37.242746],[126.936972,37.242884],[126.936617,37.242729],[126.935475,37.243236],[126.932084,37.243829],[126.931818,37.244181],[126.931003,37.244396],[126.931977,37.242808],[126.930764,37.242846],[126.93004,37.241792],[126.929401,37.23948],[126.929708,37.238003],[126.928115,37.23651],[126.928265,37.236123],[126.928054,37.235411],[126.927593,37.235757],[126.927288,37.235605],[126.926748,37.23577],[126.924363,37.235211],[126.924486,37.235806],[126.924306,37.236862],[126.925201,37.238279],[126.925303,37.238987],[126.923104,37.239235],[126.921362,37.239927],[126.920036,37.239082],[126.919241,37.239168],[126.917009,37.240414],[126.915337,37.238938],[126.914504,37.238623],[126.913817,37.238798],[126.913759,37.238357],[126.91243,37.238582],[126.911555,37.238882],[126.911021,37.239353],[126.910241,37.239508],[126.910244,37.24018],[126.908443,37.240353],[126.906795,37.240891],[126.905777,37.241613],[126.904843,37.241435],[126.90508,37.24236],[126.904055,37.243039],[126.902226,37.243207],[126.901454,37.243501],[126.90029,37.242928],[126.899256,37.242872],[126.897976,37.244528],[126.897306,37.245724],[126.896673,37.24619],[126.895721,37.247938],[126.89495,37.248709],[126.894911,37.249235],[126.893351,37.249854],[126.893882,37.250603],[126.893465,37.250997],[126.89325,37.251003],[126.892623,37.250197],[126.892006,37.249962],[126.890178,37.249794],[126.890113,37.250077],[126.889642,37.250345],[126.889055,37.252938],[126.887106,37.256255],[126.886563,37.256415],[126.884061,37.25637],[126.883141,37.256533],[126.88335,37.256928],[126.883064,37.257154],[126.882146,37.256973],[126.879918,37.257692],[126.879148,37.257655],[126.877676,37.258064],[126.876894,37.258685],[126.876068,37.258886],[126.874047,37.260511],[126.871385,37.259946],[126.871107,37.259729],[126.870837,37.258988],[126.870407,37.259037],[126.869842,37.259437],[126.868451,37.259731],[126.867582,37.259683],[126.866515,37.261484],[126.866919,37.262306],[126.866236,37.263129],[126.866356,37.264358],[126.865803,37.264824],[126.865659,37.265331],[126.8647,37.265947],[126.864616,37.266873],[126.864192,37.267055],[126.863081,37.266823],[126.862737,37.265782],[126.862123,37.265562],[126.860869,37.266319],[126.860395,37.267999],[126.860037,37.268369],[126.859085,37.268793],[126.858568,37.269887],[126.857146,37.269352],[126.855949,37.269919],[126.856956,37.271515],[126.857438,37.272666],[126.861826,37.272503],[126.86197,37.271964],[126.862095,37.272293],[126.862638,37.272513],[126.863836,37.272211],[126.86895,37.273924],[126.870416,37.27409],[126.87011,37.274228],[126.871792,37.27487],[126.8719,37.275211],[126.872496,37.275578],[126.873587,37.275909],[126.873936,37.275421],[126.874372,37.275228],[126.874693,37.275527],[126.874571,37.275833],[126.87472,37.276506],[126.875308,37.277011],[126.875308,37.277399],[126.874524,37.277087],[126.8742,37.276617],[126.87317,37.276041],[126.87151,37.275717],[126.87128,37.275168],[126.870427,37.274739],[126.870106,37.274932],[126.869213,37.274797],[126.868399,37.274445],[126.865765,37.273977],[126.865162,37.273179],[126.863916,37.272806],[126.863301,37.27419],[126.863135,37.274098],[126.862219,37.275382],[126.862478,37.275715],[126.86277,37.277718],[126.863218,37.278402],[126.862823,37.27905],[126.862298,37.278922],[126.862023,37.279111],[126.861966,37.279653],[126.862394,37.279752],[126.861961,37.280662],[126.86256,37.281129],[126.863202,37.28122],[126.863239,37.281509],[126.865307,37.281394],[126.866727,37.28148],[126.867146,37.281696],[126.868116,37.28121],[126.871602,37.280564],[126.872232,37.279459],[126.873609,37.279769],[126.873858,37.280326],[126.874848,37.280591],[126.875056,37.280905],[126.875717,37.281176],[126.876549,37.282367],[126.87718,37.282688],[126.87703,37.283358],[126.877383,37.284428],[126.87809,37.284801],[126.878406,37.284657],[126.879042,37.285613],[126.880408,37.28474],[126.880684,37.284849],[126.881169,37.28452],[126.881868,37.284409],[126.881599,37.283922],[126.881915,37.283666],[126.883556,37.283568],[126.884109,37.283398],[126.884226,37.282948],[126.884427,37.282846],[126.885321,37.282952],[126.88557,37.282592],[126.886351,37.283364],[126.886935,37.282931],[126.888177,37.282811],[126.889842,37.281985],[126.890058,37.282058],[126.8902,37.282593],[126.891184,37.283418],[126.891257,37.28363],[126.891015,37.283855],[126.89209,37.284702],[126.893127,37.285172],[126.893074,37.286591],[126.894387,37.287101],[126.894324,37.287754],[126.89548,37.287922],[126.89571,37.288535],[126.896437,37.289292],[126.898635,37.2897],[126.900928,37.291427]]]}},{"type":"Feature","properties":{"code":"31240330","name":"비봉면","date":"20250630"},"geometry":{"type":"Polygon","coordinates":[[[126.85704,37.269378],[126.858568,37.269887],[126.859085,37.268793],[126.860037,37.268369],[126.860395,37.267999],[126.860869,37.266319],[126.862123,37.265562],[126.862737,37.265782],[126.863081,37.266823],[126.864192,37.267055],[126.864616,37.266873],[126.8647,37.265947],[126.865659,37.265331],[126.865803,37.264824],[126.866356,37.264358],[126.866236,37.263129],[126.866919,37.262306],[126.866515,37.261484],[126.867466,37.259747],[126.869842,37.259437],[126.870407,37.259037],[126.870837,37.258988],[126.871107,37.259729],[126.871385,37.259946],[126.874047,37.260511],[126.876068,37.258886],[126.876894,37.258685],[126.877676,37.258064],[126.879148,37.257655],[126.879918,37.257692],[126.882146,37.256973],[126.883064,37.257154],[126.88335,37.256928],[126.883141,37.256533],[126.884061,37.25637],[126.886563,37.256415],[126.887106,37.256255],[126.889055,37.252938],[126.889642,37.250345],[126.890113,37.250077],[126.890178,37.249794],[126.892006,37.249962],[126.892623,37.250197],[126.89325,37.251003],[126.893465,37.250997],[126.893882,37.250603],[126.893351,37.249854],[126.894911,37.249235],[126.89495,37.248709],[126.895721,37.247938],[126.896673,37.24619],[126.897306,37.245724],[126.897976,37.244528],[126.899256,37.242872],[126.90029,37.242928],[126.901454,37.243501],[126.902226,37.243207],[126.904055,37.243039],[126.90508,37.24236],[126.904843,37.241435],[126.905777,37.241613],[126.906795,37.240891],[126.908443,37.240353],[126.910244,37.24018],[126.910241,37.239508],[126.911021,37.239353],[126.911555,37.238882],[126.91243,37.238582],[126.912198,37.237493],[126.912503,37.23681],[126.912053,37.235131],[126.9127,37.234806],[126.912621,37.234175],[126.913184,37.233331],[126.913775,37.233013],[126.912068,37.231814],[126.910718,37.230458],[126.910115,37.229297],[126.910051,37.228177],[126.909306,37.228036],[126.90809,37.227268],[126.908833,37.225312],[126.909331,37.224538],[126.90976,37.221876],[126.908264,37.221524],[126.906971,37.220219],[126.906478,37.220254],[126.906142,37.21925],[126.905536,37.218592],[126.905371,37.218136],[126.905052,37.217857],[126.904019,37.217611],[126.903579,37.217044],[126.902823,37.21665],[126.903274,37.216309],[126.903739,37.214852],[126.904645,37.213445],[126.90713,37.211711],[126.907318,37.211332],[126.907311,37.210312],[126.906881,37.209433],[126.907512,37.208731],[126.907562,37.208119],[126.908517,37.207946],[126.906739,37.205139],[126.907034,37.204584],[126.906929,37.202804],[126.90673,37.202609],[126.90702,37.201731],[126.906421,37.201407],[126.906542,37.20115],[126.906187,37.1992],[126.904804,37.199146],[126.903985,37.198667],[126.901864,37.196012],[126.901049,37.195967],[126.900835,37.195658],[126.900926,37.195103],[126.900665,37.194478],[126.900025,37.193861],[126.898294,37.19384],[126.896714,37.194202],[126.895908,37.193999],[126.89548,37.193672],[126.895378,37.193344],[126.895399,37.192819],[126.89574,37.192411],[126.895756,37.191791],[126.895547,37.191709],[126.894499,37.19203],[126.894045,37.193189],[126.890469,37.195579],[126.88968,37.197056],[126.889074,37.197356],[126.888561,37.197387],[126.888451,37.197005],[126.885645,37.197052],[126.885621,37.196807],[126.88526,37.196785],[126.885484,37.197184],[126.882143,37.19713],[126.881112,37.19633],[126.881251,37.195593],[126.88088,37.196142],[126.878716,37.194414],[126.878988,37.193176],[126.876644,37.193612],[126.876775,37.193096],[126.876392,37.192883],[126.875092,37.193499],[126.874789,37.194232],[126.873471,37.195806],[126.873272,37.196565],[126.871424,37.197109],[126.870573,37.197641],[126.867777,37.198442],[126.867285,37.198823],[126.867008,37.199657],[126.865758,37.20023],[126.865395,37.199878],[126.864099,37.1997],[126.86264,37.200207],[126.863748,37.202206],[126.864747,37.202934],[126.865133,37.202998],[126.86483,37.203327],[126.865241,37.204071],[126.865987,37.204497],[126.865501,37.206279],[126.866209,37.20705],[126.866242,37.208069],[126.866997,37.20944],[126.865474,37.209912],[126.865578,37.21164],[126.864212,37.211971],[126.863529,37.211558],[126.862464,37.211935],[126.862031,37.212229],[126.861112,37.213883],[126.860322,37.213689],[126.859153,37.214116],[126.857606,37.213823],[126.856892,37.214264],[126.856374,37.214321],[126.856019,37.215305],[126.854399,37.215724],[126.854855,37.217307],[126.854656,37.218247],[126.853685,37.218217],[126.853207,37.218715],[126.852872,37.220189],[126.851188,37.219698],[126.850273,37.219693],[126.849856,37.219698],[126.848989,37.220186],[126.84895,37.220581],[126.850092,37.221214],[126.85024,37.222151],[126.850132,37.223057],[126.850648,37.223892],[126.849929,37.226292],[126.850602,37.227425],[126.850743,37.228284],[126.849578,37.228213],[126.849139,37.227618],[126.848545,37.227243],[126.847074,37.227731],[126.846065,37.228942],[126.845472,37.229165],[126.845079,37.229251],[126.844456,37.229008],[126.843386,37.228933],[126.842387,37.229154],[126.841114,37.229625],[126.840199,37.230255],[126.840214,37.2308],[126.839717,37.231742],[126.839176,37.232283],[126.837328,37.232147],[126.836841,37.232366],[126.835714,37.232228],[126.835191,37.230532],[126.834431,37.230647],[126.831691,37.23056],[126.831011,37.230346],[126.830494,37.23046],[126.829261,37.229963],[126.828321,37.230411],[126.828117,37.232162],[126.827844,37.232214],[126.827512,37.232772],[126.826947,37.235308],[126.825336,37.235196],[126.825393,37.235838],[126.823765,37.236745],[126.824615,37.238193],[126.825513,37.238981],[126.826035,37.240893],[126.826311,37.241151],[126.82622,37.242174],[126.827331,37.243087],[126.826514,37.245372],[126.826849,37.246927],[126.8264,37.248574],[126.827338,37.250528],[126.826956,37.25146],[126.827413,37.25193],[126.827712,37.251871],[126.828639,37.252587],[126.829851,37.252762],[126.830701,37.253698],[126.832351,37.2533],[126.832337,37.253654],[126.832949,37.25433],[126.834186,37.254591],[126.833393,37.256714],[126.833697,37.257513],[126.834449,37.257873],[126.835065,37.259065],[126.836143,37.260211],[126.836626,37.261446],[126.837158,37.261817],[126.837482,37.262838],[126.838608,37.264025],[126.839338,37.264398],[126.843113,37.267717],[126.843914,37.267485],[126.844989,37.266804],[126.844464,37.266295],[126.845898,37.264384],[126.846506,37.263982],[126.84595,37.262159],[126.845217,37.260827],[126.845352,37.260086],[126.846043,37.259699],[126.84745,37.259773],[126.848989,37.260753],[126.849366,37.260358],[126.84933,37.259809],[126.850153,37.259409],[126.8497,37.258519],[126.849659,37.257504],[126.850084,37.258022],[126.849937,37.258325],[126.850226,37.259073],[126.85057,37.259024],[126.85033,37.259099],[126.850335,37.25927],[126.850638,37.259663],[126.850815,37.26039],[126.849724,37.26038],[126.848823,37.261663],[126.851422,37.264326],[126.849879,37.265615],[126.849842,37.265998],[126.851714,37.267402],[126.854086,37.268],[126.855949,37.269919],[126.85704,37.269378]]]}},{"type":"Feature","properties":{"code":"31240350","name":"마도면","date":"20250630"},"geometry":{"type":"Polygon","coordinates":[[[126.786009,37.233171],[126.786301,37.232904],[126.786548,37.233084],[126.786963,37.232988],[126.787226,37.232636],[126.787787,37.232448],[126.788779,37.232383],[126.789243,37.232725],[126.789297,37.232476],[126.790627,37.232487],[126.792681,37.230486],[126.792728,37.229873],[126.793217,37.229482],[126.792998,37.228753],[126.794055,37.228141],[126.793996,37.22791],[126.794392,37.227693],[126.794226,37.227186],[126.794561,37.226536],[126.796704,37.225814],[126.797187,37.225327],[126.797269,37.224871],[126.797089,37.224612],[126.799288,37.222299],[126.799298,37.221793],[126.798958,37.221437],[126.7993,37.220363],[126.798545,37.220248],[126.798626,37.219933],[126.798445,37.219736],[126.798567,37.219565],[126.799813,37.219685],[126.7999,37.219473],[126.79905,37.21932],[126.80136,37.215703],[126.801869,37.214309],[126.801547,37.213563],[126.800254,37.213356],[126.798748,37.211772],[126.798259,37.211879],[126.797538,37.21093],[126.796762,37.210684],[126.796331,37.210234],[126.79611,37.209376],[126.796193,37.208891],[126.794601,37.207371],[126.794812,37.205921],[126.79506,37.205528],[126.79498,37.205052],[126.793479,37.204277],[126.791756,37.203755],[126.791101,37.20268],[126.791542,37.20271],[126.791671,37.202525],[126.79162,37.202361],[126.791183,37.202315],[126.791535,37.201238],[126.790073,37.199998],[126.791369,37.198564],[126.791533,37.197169],[126.792337,37.195614],[126.794034,37.194616],[126.795276,37.193356],[126.797794,37.192522],[126.7972,37.19054],[126.796091,37.188592],[126.796426,37.187358],[126.79553,37.186148],[126.79257,37.18703],[126.791545,37.187161],[126.791324,37.187708],[126.790591,37.187469],[126.794765,37.185739],[126.79475,37.181534],[126.788807,37.173826],[126.788991,37.173237],[126.787978,37.169415],[126.784961,37.165695],[126.77611,37.15883],[126.775067,37.158251],[126.772974,37.157723],[126.759419,37.156734],[126.759948,37.16487],[126.759234,37.165699],[126.759331,37.166108],[126.749781,37.168249],[126.748847,37.167621],[126.747808,37.16737],[126.747168,37.167582],[126.746827,37.167294],[126.746544,37.167032],[126.74663,37.166633],[126.746133,37.166624],[126.745987,37.166412],[126.746642,37.165799],[126.746955,37.164989],[126.746528,37.164313],[126.746622,37.163836],[126.746087,37.163383],[126.745264,37.163125],[126.74407,37.163153],[126.743875,37.163308],[126.744128,37.163881],[126.743956,37.164784],[126.742476,37.166088],[126.74259,37.16718],[126.741757,37.167466],[126.74156,37.167664],[126.74163,37.167921],[126.741535,37.167795],[126.740837,37.168015],[126.739969,37.168008],[126.739426,37.167858],[126.737519,37.168446],[126.737208,37.16912],[126.737288,37.16998],[126.737005,37.170199],[126.735755,37.170342],[126.732731,37.169555],[126.732482,37.170001],[126.731346,37.170738],[126.731033,37.171548],[126.730445,37.171807],[126.730077,37.172317],[126.728968,37.172576],[126.727644,37.173751],[126.726554,37.174223],[126.726256,37.174798],[126.72626,37.175766],[126.726,37.176348],[126.724839,37.176425],[126.723988,37.176257],[126.722725,37.176471],[126.72166,37.176295],[126.720438,37.17657],[126.719971,37.176387],[126.719112,37.177029],[126.718481,37.17708],[126.71734,37.17789],[126.717655,37.178587],[126.717197,37.180179],[126.716636,37.180969],[126.715159,37.181734],[126.715502,37.183356],[126.716512,37.184547],[126.716445,37.184945],[126.717178,37.185524],[126.71798,37.185501],[126.718998,37.185902],[126.718751,37.186471],[126.719001,37.186975],[126.720532,37.188415],[126.719964,37.189283],[126.719031,37.189657],[126.718518,37.190093],[126.71932,37.191384],[126.718884,37.192378],[126.719115,37.193001],[126.719442,37.193658],[126.721256,37.194591],[126.7212,37.195361],[126.723993,37.196578],[126.724522,37.196644],[126.725095,37.196002],[126.727387,37.196569],[126.728879,37.197727],[126.728394,37.198335],[126.72833,37.199312],[126.727879,37.199973],[126.727934,37.200717],[126.728734,37.202294],[126.72958,37.202247],[126.730472,37.202669],[126.732452,37.202943],[126.733449,37.203505],[126.733816,37.20351],[126.733955,37.202768],[126.735943,37.202936],[126.735875,37.202603],[126.736742,37.203272],[126.737714,37.204502],[126.738167,37.20448],[126.738931,37.205147],[126.741581,37.205473],[126.742241,37.205845],[126.743772,37.20628],[126.745324,37.205341],[126.745885,37.205246],[126.747243,37.205516],[126.747635,37.206264],[126.748834,37.206155],[126.749602,37.206823],[126.749865,37.208663],[126.750312,37.208739],[126.750461,37.211009],[126.750897,37.211383],[126.752589,37.211396],[126.753155,37.210865],[126.754989,37.210289],[126.755067,37.209388],[126.75436,37.209344],[126.754371,37.209047],[126.754147,37.208967],[126.754119,37.208769],[126.754399,37.208688],[126.754508,37.208151],[126.754384,37.208032],[126.75609,37.206312],[126.757766,37.205822],[126.75922,37.207163],[126.760755,37.207897],[126.760898,37.208625],[126.760623,37.209926],[126.761595,37.210375],[126.761148,37.210343],[126.761549,37.210681],[126.763498,37.210567],[126.76429,37.210732],[126.768086,37.210318],[126.768709,37.211042],[126.773016,37.210217],[126.774529,37.210206],[126.774559,37.210421],[126.773715,37.210913],[126.774267,37.212514],[126.772634,37.215019],[126.772706,37.215981],[126.773452,37.218099],[126.772831,37.219441],[126.781425,37.226993],[126.782507,37.228397],[126.782384,37.229978],[126.784259,37.231307],[126.784876,37.231866],[126.785015,37.232364],[126.786009,37.233171]]]}},{"type":"Feature","properties":{"code":"31240360","name":"송산면","date":"20250630"},"geometry":{"type":"MultiPolygon","coordinates":[[[[126.721751,37.273463],[126.721582,37.273498],[126.721691,37.273824],[126.721848,37.27366],[126.721751,37.273463]]],[[[126.726668,37.276833],[126.726347,37.276974],[126.726653,37.277021],[126.726668,37.276833]]],[[[126.683165,37.284436],[126.682754,37.284532],[126.68307,37.28468],[126.683165,37.284436]]],[[[126.654632,37.29282],[126.661696,37.292547],[126.661701,37.285998],[126.662834,37.286659],[126.664958,37.286912],[126.668678,37.287922],[126.670652,37.288264],[126.673523,37.288403],[126.674832,37.288084],[126.678972,37.285872],[126.680241,37.284478],[126.680466,37.283583],[126.681115,37.283177],[126.681298,37.282807],[126.681884,37.282667],[126.683244,37.281656],[126.683998,37.281318],[126.684952,37.281245],[126.684976,37.281104],[126.684113,37.280953],[126.683996,37.280606],[126.683925,37.280777],[126.683461,37.280575],[126.683653,37.280344],[126.683487,37.27937],[126.683657,37.279082],[126.684746,37.278661],[126.684203,37.278782],[126.684131,37.278519],[126.683777,37.278756],[126.683544,37.278667],[126.682042,37.276473],[126.680449,37.275149],[126.679291,37.274627],[126.679207,37.274277],[126.678586,37.274251],[126.675095,37.272438],[126.673324,37.27232],[126.671956,37.273183],[126.673578,37.269314],[126.677029,37.269604],[126.676896,37.269316],[126.67603,37.268879],[126.67411,37.268551],[126.673844,37.268311],[126.674393,37.266716],[126.674903,37.266714],[126.677563,37.267158],[126.680267,37.268202],[126.681216,37.268781],[126.6834,37.271014],[126.686049,37.27275],[126.686729,37.272812],[126.689042,37.272455],[126.691064,37.272627],[126.692002,37.273635],[126.692307,37.273594],[126.692625,37.273968],[126.692653,37.274712],[126.692967,37.275444],[126.694782,37.278233],[126.695004,37.279264],[126.695233,37.279566],[126.695783,37.280071],[126.697389,37.280597],[126.698213,37.280603],[126.698611,37.280262],[126.699958,37.279842],[126.700014,37.279599],[126.699587,37.279396],[126.699252,37.278907],[126.698349,37.275942],[126.69837,37.275093],[126.698814,37.274887],[126.69875,37.274209],[126.699514,37.273098],[126.69989,37.273616],[126.699626,37.274854],[126.69967,37.276361],[126.700248,37.276995],[126.701904,37.27734],[126.702358,37.277295],[126.702684,37.276916],[126.70316,37.277072],[126.703951,37.277955],[126.704608,37.27837],[126.705476,37.278672],[126.706509,37.278154],[126.706955,37.27767],[126.707842,37.277333],[126.707772,37.276064],[126.708571,37.275048],[126.708841,37.275451],[126.709342,37.275444],[126.709265,37.275988],[126.70999,37.27626],[126.70946,37.277897],[126.70928,37.279098],[126.709407,37.279528],[126.710755,37.280405],[126.713315,37.281066],[126.714736,37.280772],[126.715973,37.280196],[126.71675,37.280123],[126.717377,37.279346],[126.718135,37.27894],[126.721025,37.276526],[126.721526,37.275713],[126.721404,37.272302],[126.721729,37.271892],[126.722338,37.272141],[126.722596,37.27253],[126.722737,37.275435],[126.723709,37.276001],[126.72621,37.275153],[126.729707,37.273155],[126.730425,37.273726],[126.730437,37.273965],[126.728076,37.276471],[126.727967,37.276989],[126.727209,37.278123],[126.727161,37.279136],[126.727758,37.279832],[126.72866,37.279915],[126.729247,37.280217],[126.730986,37.2798],[126.734504,37.279816],[126.737974,37.279425],[126.738547,37.279433],[126.738587,37.279576],[126.737277,37.27994],[126.735861,37.280623],[126.727288,37.281349],[126.72377,37.283229],[126.723358,37.283246],[126.722632,37.284266],[126.722651,37.284701],[126.721871,37.286576],[126.721827,37.287935],[126.721668,37.288199],[126.721846,37.288684],[126.72168,37.289087],[126.722432,37.289803],[126.723752,37.290157],[126.724539,37.289851],[126.725072,37.289858],[126.727498,37.291265],[126.728575,37.291441],[126.729933,37.29209],[126.73101,37.292226],[126.731627,37.292585],[126.732732,37.292367],[126.734541,37.29245],[126.736572,37.29206],[126.744442,37.289413],[126.745224,37.288828],[126.745812,37.288957],[126.746388,37.288835],[126.746129,37.288571],[126.746198,37.288429],[126.749456,37.287167],[126.752545,37.2863],[126.752889,37.285973],[126.752825,37.285185],[126.75344,37.284574],[126.75353,37.282657],[126.753752,37.281943],[126.753367,37.281096],[126.753618,37.281012],[126.753777,37.281285],[126.7541,37.281244],[126.756283,37.277781],[126.757093,37.277342],[126.757163,37.277514],[126.756817,37.278084],[126.75717,37.278602],[126.755648,37.282381],[126.755168,37.285657],[126.755163,37.286164],[126.755383,37.286553],[126.756087,37.287034],[126.757876,37.287194],[126.761312,37.286828],[126.764863,37.286165],[126.76719,37.284808],[126.769012,37.282838],[126.770512,37.27998],[126.771557,37.275783],[126.772753,37.275524],[126.77291,37.275315],[126.773542,37.275443],[126.772805,37.276808],[126.772873,37.277524],[126.773554,37.278967],[126.773511,37.279697],[126.772946,37.281291],[126.772976,37.281959],[126.774258,37.282692],[126.774541,37.283066],[126.772031,37.287105],[126.772548,37.287967],[126.773639,37.288717],[126.780948,37.289735],[126.783131,37.289949],[126.784911,37.289826],[126.789203,37.290539],[126.792848,37.291419],[126.798216,37.291985],[126.802579,37.292784],[126.804746,37.292987],[126.804629,37.284272],[126.804973,37.284276],[126.805002,37.283919],[126.804229,37.282401],[126.803975,37.281063],[126.803303,37.279553],[126.801623,37.278229],[126.801409,37.278164],[126.800788,37.278626],[126.800495,37.278626],[126.800283,37.277966],[126.801288,37.277773],[126.802601,37.276931],[126.803268,37.277087],[126.804072,37.276823],[126.805481,37.274758],[126.805806,37.273421],[126.806028,37.273322],[126.806207,37.272786],[126.808257,37.270026],[126.808262,37.269407],[126.808575,37.269116],[126.80856,37.268566],[126.809054,37.268439],[126.809098,37.268758],[126.809594,37.268952],[126.810342,37.268827],[126.810693,37.269008],[126.810885,37.26888],[126.810656,37.26858],[126.811025,37.268163],[126.810794,37.268124],[126.811221,37.267628],[126.810488,37.266879],[126.808878,37.266393],[126.809036,37.266457],[126.808837,37.266808],[126.80576,37.267955],[126.804061,37.267878],[126.802798,37.269169],[126.802143,37.269165],[126.800996,37.269536],[126.800721,37.269425],[126.797667,37.270638],[126.796284,37.270727],[126.795742,37.27015],[126.795614,37.269421],[126.795181,37.269154],[126.795065,37.268671],[126.792623,37.268464],[126.792555,37.268747],[126.792308,37.268675],[126.792137,37.268235],[126.791687,37.268177],[126.791359,37.267594],[126.790661,37.267087],[126.790324,37.267169],[126.790682,37.266501],[126.790667,37.266061],[126.791192,37.265952],[126.791734,37.265145],[126.792006,37.265015],[126.791967,37.264771],[126.792381,37.264743],[126.792407,37.26457],[126.792066,37.264704],[126.791889,37.264301],[126.792332,37.263888],[126.792323,37.263596],[126.7918,37.262731],[126.791562,37.261877],[126.792159,37.260923],[126.793273,37.260177],[126.793369,37.259231],[126.788306,37.255192],[126.789299,37.250105],[126.777086,37.250086],[126.777118,37.240961],[126.777374,37.239103],[126.778435,37.237416],[126.783067,37.23327],[126.783214,37.23042],[126.782384,37.229978],[126.782507,37.228397],[126.781425,37.226993],[126.772831,37.219441],[126.773452,37.218099],[126.772706,37.215981],[126.772634,37.215019],[126.774267,37.212514],[126.773715,37.210913],[126.774559,37.210421],[126.774529,37.210206],[126.773016,37.210217],[126.768709,37.211042],[126.768086,37.210318],[126.76429,37.210732],[126.763498,37.210567],[126.761549,37.210681],[126.761148,37.210343],[126.761595,37.210375],[126.760623,37.209926],[126.760898,37.208625],[126.760755,37.207897],[126.75922,37.207163],[126.757766,37.205822],[126.75609,37.206312],[126.754384,37.208032],[126.754508,37.208151],[126.754399,37.208688],[126.754119,37.208769],[126.754147,37.208967],[126.754371,37.209047],[126.75436,37.209344],[126.755067,37.209388],[126.754989,37.210289],[126.753155,37.210865],[126.752589,37.211396],[126.750897,37.211383],[126.750461,37.211009],[126.750312,37.208739],[126.749865,37.208663],[126.749602,37.206823],[126.748834,37.206155],[126.747635,37.206264],[126.747243,37.205516],[126.745885,37.205246],[126.745324,37.205341],[126.743772,37.20628],[126.742241,37.205845],[126.741581,37.205473],[126.738931,37.205147],[126.738167,37.20448],[126.737714,37.204502],[126.736742,37.203272],[126.735875,37.202603],[126.735943,37.202936],[126.733955,37.202768],[126.733816,37.20351],[126.733449,37.203505],[126.732452,37.202943],[126.730472,37.202669],[126.72958,37.202247],[126.728734,37.202294],[126.727934,37.200717],[126.727879,37.199973],[126.72833,37.199312],[126.728394,37.198335],[126.728879,37.197727],[126.727387,37.196569],[126.725413,37.196076],[126.725095,37.196002],[126.724522,37.196644],[126.723993,37.196578],[126.7212,37.195361],[126.721256,37.194591],[126.719442,37.193658],[126.719289,37.193989],[126.716851,37.194741],[126.716546,37.195403],[126.716662,37.196076],[126.716053,37.196288],[126.714296,37.197566],[126.713241,37.197857],[126.712469,37.196401],[126.710946,37.195458],[126.71022,37.195503],[126.710287,37.194788],[126.709899,37.194278],[126.709389,37.194108],[126.708263,37.19319],[126.707613,37.193015],[126.707171,37.192239],[126.707024,37.191319],[126.705822,37.1917],[126.705529,37.192283],[126.704749,37.192753],[126.704286,37.193445],[126.703724,37.193607],[126.703655,37.195265],[126.70313,37.195611],[126.7029,37.19611],[126.702566,37.196319],[126.701134,37.196511],[126.700713,37.196941],[126.701326,37.198587],[126.701187,37.199633],[126.701832,37.201391],[126.700688,37.202342],[126.699653,37.20257],[126.69878,37.202538],[126.698733,37.202883],[126.698553,37.202933],[126.698623,37.203161],[126.697687,37.203588],[126.697809,37.203846],[126.697455,37.204028],[126.696847,37.203943],[126.696116,37.203372],[126.696178,37.203126],[126.695302,37.202903],[126.691266,37.203267],[126.689084,37.202667],[126.687749,37.20209],[126.687396,37.202257],[126.686515,37.202144],[126.685858,37.201702],[126.683414,37.201025],[126.68228,37.200411],[126.68178,37.199903],[126.680336,37.199559],[126.680359,37.198691],[126.680559,37.198695],[126.680188,37.198224],[126.678708,37.197854],[126.678177,37.197527],[126.677249,37.197526],[126.676377,37.197197],[126.676364,37.196234],[126.675228,37.194833],[126.675028,37.194237],[126.674534,37.194182],[126.674111,37.194426],[126.673063,37.193614],[126.664115,37.196139],[126.663979,37.196438],[126.663349,37.196311],[126.661882,37.196768],[126.661076,37.196196],[126.660535,37.196333],[126.660127,37.196193],[126.660212,37.195713],[126.659972,37.195317],[126.659185,37.194838],[126.65942,37.194199],[126.658218,37.192097],[126.657828,37.192073],[126.657428,37.191201],[126.657031,37.1909],[126.656549,37.190826],[126.651992,37.191701],[126.653195,37.194265],[126.65405,37.194654],[126.654489,37.19538],[126.655859,37.196151],[126.656605,37.196285],[126.656813,37.196663],[126.656755,37.197093],[126.656596,37.197084],[126.656418,37.19644],[126.655864,37.196322],[126.654394,37.195493],[126.654071,37.19521],[126.6539,37.19468],[126.653241,37.194433],[126.653696,37.196193],[126.654599,37.197946],[126.654794,37.199013],[126.654655,37.200237],[126.655529,37.201476],[126.65553,37.202139],[126.656214,37.204264],[126.656201,37.204963],[126.656559,37.205444],[126.656667,37.206035],[126.657276,37.206776],[126.657159,37.207163],[126.658194,37.206928],[126.65722,37.207215],[126.657941,37.209416],[126.657778,37.209776],[126.658118,37.211379],[126.658332,37.211471],[126.658519,37.21195],[126.659129,37.2117],[126.65907,37.211139],[126.659546,37.211126],[126.659296,37.211271],[126.659169,37.211819],[126.658628,37.212071],[126.659049,37.212571],[126.659485,37.214247],[126.660392,37.214179],[126.659503,37.214358],[126.660017,37.216256],[126.660959,37.216149],[126.660116,37.216368],[126.660329,37.217054],[126.661231,37.217067],[126.66035,37.217153],[126.661221,37.217172],[126.660366,37.217256],[126.66058,37.219114],[126.660354,37.219645],[126.660146,37.219327],[126.660105,37.219905],[126.660424,37.220268],[126.660391,37.219836],[126.660575,37.220132],[126.66175,37.219854],[126.660503,37.220224],[126.660866,37.220905],[126.66076,37.221838],[126.661773,37.22179],[126.660862,37.221929],[126.66089,37.222209],[126.660683,37.222308],[126.660861,37.222476],[126.660724,37.223367],[126.661585,37.223533],[126.660747,37.223432],[126.661551,37.223684],[126.660698,37.223519],[126.66028,37.22497],[126.660011,37.225296],[126.659968,37.225611],[126.660876,37.226075],[126.659991,37.225675],[126.660029,37.22597],[126.660919,37.226265],[126.659897,37.226058],[126.659652,37.226177],[126.659472,37.226328],[126.659604,37.226398],[126.659454,37.226853],[126.659883,37.226924],[126.659642,37.227105],[126.65944,37.22694],[126.658924,37.227678],[126.659098,37.22789],[126.658945,37.228658],[126.659355,37.229066],[126.660287,37.229308],[126.660275,37.229435],[126.659674,37.229381],[126.658641,37.2297],[126.658639,37.229999],[126.657757,37.231168],[126.658615,37.231331],[126.657762,37.231221],[126.658181,37.231297],[126.658013,37.231604],[126.65763,37.231694],[126.657625,37.231455],[126.657159,37.231929],[126.657059,37.232125],[126.657431,37.232293],[126.657434,37.232483],[126.656961,37.232926],[126.657189,37.23307],[126.656848,37.233015],[126.657159,37.233252],[126.656873,37.233326],[126.656665,37.232767],[126.656481,37.23277],[126.656263,37.233029],[126.6569,37.233421],[126.656194,37.233075],[126.655572,37.233873],[126.656207,37.233769],[126.65582,37.234304],[126.655267,37.234667],[126.655104,37.234373],[126.655239,37.234296],[126.654814,37.234486],[126.655367,37.234878],[126.654777,37.234535],[126.653263,37.236003],[126.653788,37.236403],[126.653265,37.236066],[126.652402,37.236616],[126.652419,37.236983],[126.651871,37.237659],[126.65224,37.237905],[126.651829,37.237745],[126.651091,37.238427],[126.651449,37.23877],[126.650661,37.238616],[126.650621,37.239164],[126.64813,37.243002],[126.648149,37.243371],[126.64779,37.243847],[126.647746,37.246373],[126.647491,37.246859],[126.647751,37.247316],[126.647659,37.24755],[126.647407,37.247584],[126.647458,37.247794],[126.647186,37.247793],[126.647327,37.248385],[126.647074,37.250184],[126.647174,37.250577],[126.647568,37.250704],[126.647892,37.250385],[126.647865,37.25],[126.648094,37.25],[126.647877,37.252979],[126.648069,37.252964],[126.64839,37.249814],[126.648831,37.2506],[126.648409,37.25179],[126.64846,37.252504],[126.648205,37.252802],[126.648199,37.253508],[126.648022,37.253519],[126.648017,37.253068],[126.646947,37.252953],[126.646925,37.254318],[126.646374,37.25803],[126.647011,37.259844],[126.647721,37.26099],[126.648315,37.261558],[126.649483,37.261435],[126.651619,37.263372],[126.652948,37.264961],[126.653824,37.267136],[126.654086,37.267122],[126.654118,37.266956],[126.65434,37.267142],[126.654193,37.267457],[126.654105,37.26723],[126.653868,37.267261],[126.653935,37.268631],[126.653739,37.2699],[126.652857,37.271843],[126.651308,37.273559],[126.632733,37.28698],[126.633002,37.287055],[126.644969,37.278412],[126.646448,37.278547],[126.646923,37.278665],[126.646484,37.278792],[126.647066,37.278941],[126.646836,37.279333],[126.646784,37.280372],[126.647419,37.280421],[126.647962,37.280226],[126.648398,37.280635],[126.648269,37.280661],[126.649326,37.281259],[126.64987,37.281208],[126.650893,37.281556],[126.651162,37.281353],[126.651163,37.281535],[126.651607,37.281728],[126.651424,37.282044],[126.651617,37.282141],[126.651519,37.282321],[126.651908,37.282424],[126.652022,37.282972],[126.652916,37.283389],[126.653697,37.283405],[126.654267,37.283181],[126.654636,37.282788],[126.654779,37.282202],[126.654853,37.282718],[126.655675,37.282953],[126.656037,37.281931],[126.655798,37.283151],[126.656613,37.282919],[126.657193,37.283156],[126.656974,37.282863],[126.657176,37.282935],[126.657143,37.28272],[126.657422,37.283215],[126.657402,37.282721],[126.657552,37.282806],[126.659114,37.285445],[126.658977,37.285847],[126.659151,37.28582],[126.659879,37.286478],[126.660014,37.286414],[126.660479,37.286981],[126.661145,37.28737],[126.661399,37.288724],[126.661369,37.291381],[126.660832,37.292101],[126.660058,37.292364],[126.649643,37.292753],[126.647963,37.292566],[126.633164,37.288889],[126.632144,37.288333],[126.631858,37.287942],[126.632758,37.287176],[126.632607,37.287077],[126.631639,37.287672],[126.631013,37.286939],[126.630041,37.28512],[126.629642,37.284801],[126.629333,37.284907],[126.630953,37.287682],[126.631834,37.288469],[126.633506,37.289295],[126.648416,37.29291],[126.654632,37.29282]]],[[[126.69413,37.207168],[126.693204,37.206937],[126.692726,37.206459],[126.692152,37.20502],[126.692417,37.20424],[126.6937,37.204331],[126.694707,37.205048],[126.694774,37.205254],[126.694146,37.205931],[126.69437,37.206565],[126.69413,37.207168]]],[[[126.653507,37.2952],[126.653499,37.295034],[126.653143,37.295061],[126.653507,37.2952]]],[[[126.647691,37.298725],[126.647758,37.298417],[126.647016,37.298163],[126.647016,37.298464],[126.647691,37.298725]]],[[[126.643548,37.302646],[126.643534,37.302644],[126.643522,37.302647],[126.643516,37.302659],[126.643517,37.302671],[126.643526,37.302688],[126.643526,37.302698],[126.643529,37.302706],[126.643536,37.302709],[126.64354,37.30271],[126.643547,37.302708],[126.643553,37.302706],[126.643557,37.302702],[126.643562,37.302697],[126.643567,37.302686],[126.643569,37.30267],[126.643566,37.302662],[126.64356,37.302652],[126.643548,37.302646]]],[[[126.643628,37.302695],[126.643617,37.302695],[126.643604,37.302696],[126.643593,37.3027],[126.643589,37.302705],[126.643591,37.302716],[126.643598,37.302724],[126.643605,37.30273],[126.643619,37.302741],[126.64363,37.302746],[126.643643,37.302748],[126.643655,37.302744],[126.643661,37.30274],[126.643664,37.302728],[126.643664,37.302718],[126.643661,37.302708],[126.643647,37.302701],[126.643628,37.302695]]],[[[126.643807,37.302786],[126.643823,37.302771],[126.643831,37.302761],[126.643837,37.302747],[126.643841,37.302728],[126.643837,37.302719],[126.643821,37.30271],[126.643801,37.302702],[126.643776,37.302695],[126.643748,37.302691],[126.643726,37.302691],[126.643714,37.302695],[126.643701,37.302706],[126.64369,37.302722],[126.643689,37.302728],[126.643693,37.302747],[126.643697,37.302756],[126.643697,37.302761],[126.6437,37.302767],[126.643708,37.302775],[126.643715,37.302776],[126.643747,37.302776],[126.643768,37.302779],[126.64378,37.302786],[126.643795,37.30279],[126.643807,37.302786]]]]}},{"type":"Feature","properties":{"code":"31240370","name":"서신면","date":"20250630"},"geometry":{"type":"MultiPolygon","coordinates":[[[[126.690872,37.110779],[126.690346,37.1109],[126.689952,37.111833],[126.690491,37.111865],[126.690988,37.110986],[126.690872,37.110779]]],[[[126.656994,37.113061],[126.656622,37.112699],[126.655946,37.113182],[126.655686,37.113568],[126.655433,37.114712],[126.657054,37.114115],[126.656994,37.113061]]],[[[126.616145,37.123943],[126.616847,37.12359],[126.617252,37.123821],[126.61904,37.122286],[126.620555,37.120606],[126.621517,37.120249],[126.623181,37.120788],[126.623304,37.120942],[126.622875,37.121268],[126.622962,37.121397],[126.623924,37.121624],[126.623898,37.121294],[126.624341,37.121312],[126.624899,37.121583],[126.625058,37.122067],[126.625733,37.121998],[126.625999,37.121574],[126.626684,37.121716],[126.628783,37.121202],[126.631522,37.121839],[126.632116,37.121676],[126.632714,37.120994],[126.633242,37.120767],[126.633577,37.120818],[126.63396,37.121198],[126.634538,37.120825],[126.635237,37.120734],[126.635695,37.120384],[126.637141,37.12],[126.639762,37.120466],[126.644264,37.118787],[126.644649,37.118311],[126.645359,37.118825],[126.6467,37.118343],[126.647252,37.118445],[126.650024,37.117369],[126.649665,37.116944],[126.650537,37.116816],[126.652315,37.116153],[126.652057,37.116036],[126.651105,37.114483],[126.649985,37.114524],[126.648693,37.115195],[126.648318,37.115115],[126.64795,37.115412],[126.647911,37.115684],[126.647293,37.115998],[126.647202,37.116224],[126.646941,37.11621],[126.646977,37.116464],[126.645815,37.117412],[126.645288,37.117348],[126.645319,37.116709],[126.645048,37.116722],[126.644341,37.118101],[126.643956,37.117588],[126.643392,37.11766],[126.643203,37.117479],[126.643297,37.116072],[126.643712,37.115241],[126.643583,37.114865],[126.642885,37.114746],[126.64134,37.115038],[126.64119,37.114879],[126.640903,37.115062],[126.640723,37.114901],[126.640642,37.115089],[126.640373,37.115044],[126.640167,37.115327],[126.639186,37.115689],[126.636679,37.117738],[126.636279,37.118224],[126.636193,37.118803],[126.635891,37.119073],[126.635329,37.119015],[126.634242,37.118356],[126.633961,37.118358],[126.633635,37.118856],[126.633478,37.120097],[126.633014,37.120272],[126.632502,37.120193],[126.632614,37.118368],[126.633022,37.117805],[126.633747,37.117573],[126.632904,37.117267],[126.631028,37.117205],[126.630886,37.117001],[126.630286,37.117018],[126.629817,37.117327],[126.628301,37.117455],[126.62802,37.117869],[126.627495,37.118142],[126.627765,37.118889],[126.629098,37.119198],[126.629055,37.119311],[126.627499,37.119217],[126.626771,37.119513],[126.625296,37.119111],[126.625098,37.119424],[126.624935,37.119221],[126.623563,37.119251],[126.621521,37.119571],[126.621527,37.119191],[126.621843,37.118989],[126.621415,37.118728],[126.623102,37.118149],[126.622814,37.118],[126.621354,37.118132],[126.619465,37.118852],[126.617672,37.11891],[126.616744,37.118859],[126.616583,37.11862],[126.616261,37.11881],[126.61552,37.118784],[126.615434,37.118482],[126.615268,37.118568],[126.61535,37.118725],[126.614946,37.118657],[126.61399,37.118214],[126.61286,37.117306],[126.612015,37.117118],[126.610362,37.117808],[126.611565,37.119439],[126.611848,37.120506],[126.612403,37.120789],[126.612477,37.121183],[126.612538,37.120848],[126.613186,37.121315],[126.612622,37.121508],[126.612366,37.122143],[126.611857,37.122399],[126.612165,37.12288],[126.612419,37.122916],[126.612445,37.123126],[126.614357,37.122865],[126.614188,37.123166],[126.614727,37.123562],[126.614347,37.123821],[126.613495,37.123814],[126.613448,37.124055],[126.613826,37.124636],[126.614583,37.125197],[126.615341,37.125172],[126.615289,37.124407],[126.616145,37.123943]]],[[[126.678285,37.130568],[126.678262,37.130561],[126.678263,37.130561],[126.678133,37.130536],[126.678117,37.130535],[126.678109,37.130535],[126.678105,37.130536],[126.678099,37.130537],[126.678095,37.130557],[126.678096,37.130583],[126.678102,37.130596],[126.678112,37.130609],[126.678132,37.130626],[126.678189,37.13065],[126.678278,37.130671],[126.678287,37.130672],[126.678297,37.13067],[126.678303,37.130669],[126.67832,37.130663],[126.678334,37.130642],[126.678344,37.130617],[126.678344,37.130604],[126.678337,37.130592],[126.678331,37.130588],[126.678318,37.13058],[126.678285,37.130568]]],[[[126.671839,37.134163],[126.671688,37.134002],[126.671476,37.134111],[126.671695,37.134267],[126.671839,37.134163]]],[[[126.662372,37.139611],[126.662343,37.139608],[126.662305,37.13961],[126.662282,37.139618],[126.66227,37.139627],[126.662268,37.139652],[126.662282,37.139671],[126.662319,37.139676],[126.662349,37.139674],[126.66238,37.139664],[126.662387,37.139651],[126.662389,37.139624],[126.662372,37.139611]]],[[[126.662217,37.139605],[126.662183,37.139595],[126.662147,37.139603],[126.662139,37.139623],[126.662152,37.139656],[126.662185,37.139676],[126.662212,37.13967],[126.662231,37.13963],[126.662228,37.139613],[126.662217,37.139605]]],[[[126.662458,37.139702],[126.662324,37.139764],[126.662483,37.139835],[126.662458,37.139702]]],[[[126.66264,37.139751],[126.662589,37.139737],[126.662568,37.139749],[126.662555,37.139762],[126.662535,37.139792],[126.662521,37.139845],[126.662522,37.139875],[126.662581,37.139925],[126.662602,37.139934],[126.662627,37.139931],[126.662639,37.139921],[126.662651,37.139889],[126.662678,37.139823],[126.662684,37.139803],[126.662682,37.139775],[126.66264,37.139751]]],[[[126.638554,37.140674],[126.638546,37.140673],[126.638532,37.140679],[126.638522,37.140696],[126.638517,37.140706],[126.638515,37.140716],[126.638519,37.140727],[126.638537,37.140763],[126.638537,37.140767],[126.638531,37.140773],[126.638522,37.140781],[126.63852,37.140787],[126.63852,37.140792],[126.63852,37.140796],[126.638531,37.140818],[126.638553,37.140862],[126.638577,37.140873],[126.638624,37.140883],[126.638641,37.14088],[126.638645,37.140879],[126.63867,37.140865],[126.638674,37.140857],[126.638674,37.140847],[126.638664,37.140825],[126.63866,37.140817],[126.638659,37.140813],[126.638659,37.140806],[126.638662,37.140805],[126.638683,37.140801],[126.638698,37.140797],[126.638709,37.140788],[126.638711,37.140779],[126.638707,37.140762],[126.6387,37.140753],[126.638684,37.140744],[126.638639,37.140717],[126.638638,37.140716],[126.638597,37.140708],[126.638584,37.140708],[126.638575,37.140703],[126.63856,37.140679],[126.638554,37.140674]]],[[[126.638352,37.140877],[126.638599,37.140915],[126.638341,37.140546],[126.638095,37.140734],[126.638352,37.140877]]],[[[126.638401,37.141786],[126.638256,37.141821],[126.638545,37.14182],[126.638401,37.141786]]],[[[126.67267,37.14226],[126.672664,37.142258],[126.672609,37.142272],[126.672606,37.142274],[126.672608,37.142285],[126.672698,37.142521],[126.672701,37.142523],[126.672705,37.142523],[126.672761,37.142509],[126.672764,37.142505],[126.672763,37.142501],[126.67267,37.14226]]],[[[126.64348,37.142273],[126.64346,37.142272],[126.643445,37.142279],[126.643445,37.142288],[126.64345,37.142298],[126.643473,37.142325],[126.643489,37.142345],[126.643503,37.142359],[126.643517,37.142365],[126.643543,37.142357],[126.643557,37.14235],[126.643566,37.142344],[126.643567,37.142338],[126.643568,37.142328],[126.643564,37.142315],[126.643546,37.142302],[126.643512,37.142293],[126.643507,37.142291],[126.643495,37.14228],[126.64348,37.142273]]],[[[126.668655,37.142822],[126.668629,37.142803],[126.668613,37.142791],[126.668609,37.142777],[126.668608,37.142738],[126.668608,37.142718],[126.668599,37.142712],[126.668571,37.142713],[126.668551,37.142715],[126.668513,37.142722],[126.668474,37.142735],[126.66847,37.14275],[126.668475,37.142772],[126.668482,37.142787],[126.668502,37.142807],[126.668516,37.142814],[126.668529,37.142819],[126.668542,37.142821],[126.668558,37.142821],[126.668565,37.142821],[126.668574,37.142821],[126.668581,37.142822],[126.668588,37.142825],[126.668601,37.142837],[126.668624,37.142846],[126.668641,37.142848],[126.668655,37.142846],[126.668663,37.14284],[126.668665,37.142833],[126.668655,37.142822]]],[[[126.668878,37.142736],[126.668861,37.142732],[126.668835,37.142736],[126.668793,37.142752],[126.668782,37.142765],[126.668782,37.142771],[126.668783,37.142784],[126.668798,37.142846],[126.668804,37.142861],[126.668812,37.142871],[126.668825,37.142882],[126.668842,37.142891],[126.668914,37.14291],[126.668946,37.142915],[126.668959,37.142912],[126.668965,37.142906],[126.668967,37.142894],[126.668973,37.142884],[126.668991,37.142867],[126.668997,37.14285],[126.668997,37.142839],[126.668995,37.142825],[126.668982,37.142807],[126.66895,37.14278],[126.668878,37.142736]]],[[[126.643352,37.142797],[126.643343,37.142795],[126.643312,37.142799],[126.643271,37.142818],[126.643256,37.14283],[126.643253,37.142854],[126.64326,37.142876],[126.643274,37.142885],[126.643284,37.14289],[126.64331,37.142894],[126.643327,37.142892],[126.643373,37.142862],[126.643383,37.14285],[126.643385,37.142842],[126.643378,37.14283],[126.643367,37.142827],[126.643362,37.142824],[126.643359,37.142818],[126.643359,37.142811],[126.643359,37.142807],[126.643358,37.142802],[126.643352,37.142797]]],[[[126.643504,37.142921],[126.643816,37.1427],[126.643864,37.142924],[126.644225,37.142473],[126.643355,37.142336],[126.643295,37.142634],[126.643678,37.14277],[126.64325,37.142962],[126.643504,37.142921]]],[[[126.669125,37.143092],[126.669089,37.143087],[126.669073,37.143087],[126.669062,37.143096],[126.669057,37.143109],[126.669064,37.143131],[126.669092,37.14317],[126.669101,37.143181],[126.669111,37.14319],[126.669137,37.143212],[126.669163,37.143216],[126.669178,37.143215],[126.669195,37.143208],[126.669217,37.143187],[126.669245,37.143163],[126.669253,37.143152],[126.669255,37.143146],[126.669255,37.143135],[126.669252,37.143125],[126.669245,37.143119],[126.669233,37.143114],[126.669212,37.143108],[126.669183,37.143101],[126.669125,37.143092]]],[[[126.675973,37.143167],[126.675963,37.143166],[126.67595,37.14317],[126.675945,37.143176],[126.675943,37.143181],[126.675946,37.143189],[126.675951,37.143195],[126.675958,37.143203],[126.675962,37.143207],[126.675962,37.14321],[126.675962,37.143213],[126.675959,37.143232],[126.67595,37.143264],[126.675943,37.143283],[126.675942,37.143288],[126.675945,37.143299],[126.675969,37.143324],[126.676,37.143353],[126.676017,37.143361],[126.676019,37.143361],[126.676032,37.143361],[126.676068,37.143352],[126.676083,37.143344],[126.676097,37.143332],[126.676107,37.143313],[126.676113,37.143291],[126.676112,37.14327],[126.676109,37.143259],[126.676105,37.143254],[126.676082,37.143233],[126.676053,37.143212],[126.676033,37.143197],[126.676015,37.143193],[126.675993,37.143174],[126.675973,37.143167]]],[[[126.652709,37.146039],[126.652689,37.146037],[126.652656,37.146042],[126.652646,37.146051],[126.652629,37.146064],[126.652615,37.146071],[126.652606,37.146075],[126.652597,37.146086],[126.65259,37.146105],[126.652593,37.146133],[126.652598,37.146162],[126.652605,37.14617],[126.652638,37.146169],[126.652664,37.146163],[126.652688,37.146151],[126.652701,37.146133],[126.652704,37.14612],[126.652708,37.146094],[126.652712,37.146084],[126.652721,37.146061],[126.652723,37.146045],[126.652709,37.146039]]],[[[126.652441,37.146147],[126.652431,37.146145],[126.652418,37.146154],[126.652413,37.14617],[126.652408,37.146189],[126.652409,37.146241],[126.652416,37.146297],[126.652423,37.146308],[126.65245,37.146325],[126.652466,37.146326],[126.652483,37.14632],[126.652492,37.146301],[126.652491,37.146276],[126.652491,37.146246],[126.652453,37.146164],[126.652441,37.146147]]],[[[126.651993,37.146776],[126.65197,37.146774],[126.651942,37.146779],[126.65191,37.14679],[126.651902,37.1468],[126.651904,37.146809],[126.651913,37.146815],[126.651961,37.146847],[126.651982,37.146856],[126.651998,37.146855],[126.652007,37.146852],[126.652029,37.146832],[126.652038,37.146821],[126.652039,37.146814],[126.65203,37.146796],[126.652012,37.146783],[126.651993,37.146776]]],[[[126.652277,37.146811],[126.652256,37.146809],[126.652245,37.146809],[126.65224,37.14681],[126.652236,37.146813],[126.652235,37.146817],[126.652236,37.146829],[126.65224,37.146844],[126.652245,37.146859],[126.652246,37.146864],[126.652249,37.146867],[126.652255,37.14687],[126.652267,37.146873],[126.652284,37.146873],[126.652291,37.146871],[126.6523,37.146866],[126.652306,37.146857],[126.652306,37.14684],[126.652302,37.146831],[126.652277,37.146811]]],[[[126.652227,37.146825],[126.652213,37.146815],[126.652191,37.146815],[126.652168,37.146824],[126.652159,37.146838],[126.652156,37.146853],[126.652161,37.146868],[126.652173,37.146873],[126.652218,37.146871],[126.652224,37.146867],[126.652227,37.146865],[126.652231,37.146858],[126.652232,37.146844],[126.652231,37.146835],[126.652227,37.146825]]],[[[126.651895,37.146834],[126.651881,37.146828],[126.651873,37.146829],[126.651861,37.146835],[126.651857,37.146842],[126.651847,37.14687],[126.65184,37.146887],[126.651838,37.146917],[126.65184,37.146936],[126.651842,37.14694],[126.651853,37.146943],[126.65187,37.146943],[126.651886,37.146939],[126.651925,37.146909],[126.651927,37.146903],[126.651927,37.14689],[126.651906,37.146848],[126.651895,37.146834]]],[[[126.652089,37.147044],[126.652071,37.147043],[126.652054,37.147043],[126.652046,37.147044],[126.652041,37.147045],[126.652026,37.147058],[126.652015,37.147072],[126.652015,37.147082],[126.652019,37.147091],[126.652025,37.147096],[126.652038,37.147105],[126.652054,37.147123],[126.652073,37.147156],[126.652094,37.147164],[126.652119,37.147161],[126.652133,37.147157],[126.652139,37.147147],[126.652138,37.147126],[126.652126,37.147096],[126.652106,37.147051],[126.652089,37.147044]]],[[[126.651903,37.147067],[126.65189,37.147064],[126.651879,37.147067],[126.65187,37.14708],[126.65185,37.147137],[126.651847,37.147154],[126.651849,37.147169],[126.651861,37.147195],[126.651871,37.1472],[126.651885,37.147202],[126.651916,37.147188],[126.651926,37.147182],[126.651934,37.147172],[126.651944,37.147148],[126.651948,37.147117],[126.651946,37.147109],[126.651915,37.147078],[126.651908,37.14707],[126.651903,37.147067]]],[[[126.617458,37.155768],[126.617451,37.155765],[126.617441,37.155768],[126.617438,37.15578],[126.617438,37.155784],[126.617439,37.155789],[126.617428,37.155802],[126.61743,37.155815],[126.617455,37.155833],[126.617459,37.155836],[126.617466,37.155837],[126.617474,37.155836],[126.617481,37.155834],[126.617485,37.15583],[126.617487,37.155824],[126.617486,37.155814],[126.617471,37.155784],[126.617458,37.155768]]],[[[126.617679,37.15602],[126.617905,37.156531],[126.618301,37.156668],[126.617679,37.15602]]],[[[126.647958,37.158008],[126.647768,37.157622],[126.646987,37.157343],[126.647424,37.157999],[126.647958,37.158008]]],[[[126.628221,37.177051],[126.628257,37.176897],[126.628102,37.177017],[126.627953,37.176862],[126.628065,37.176407],[126.627482,37.176964],[126.62792,37.17733],[126.628221,37.177051]]],[[[126.622286,37.179562],[126.622061,37.178677],[126.622812,37.178467],[126.623058,37.178772],[126.622657,37.177832],[126.622878,37.177768],[126.62275,37.177403],[126.622501,37.17746],[126.622861,37.177219],[126.622732,37.177077],[126.623606,37.176713],[126.62394,37.177054],[126.624338,37.176987],[126.624587,37.177512],[126.625103,37.177385],[126.625376,37.176952],[126.62491,37.176489],[126.62498,37.176273],[126.62522,37.176471],[126.625064,37.176224],[126.625303,37.176418],[126.62509,37.176206],[126.625245,37.176106],[126.62758,37.175649],[126.627653,37.175844],[126.628355,37.176064],[126.628492,37.17603],[126.628257,37.175138],[126.630675,37.174786],[126.632455,37.1749],[126.632532,37.174746],[126.631834,37.174617],[126.629964,37.173248],[126.629889,37.173053],[126.630055,37.172907],[126.629822,37.172848],[126.629552,37.172274],[126.628183,37.168573],[126.626508,37.166757],[126.622155,37.163241],[126.622229,37.163007],[126.621751,37.162846],[126.62185,37.162629],[126.621497,37.162665],[126.620705,37.162167],[126.621011,37.161941],[126.620815,37.161572],[126.620503,37.161896],[126.62019,37.161284],[126.620174,37.161163],[126.620382,37.161352],[126.620528,37.161209],[126.620159,37.15957],[126.618976,37.157833],[126.61885,37.158224],[126.619127,37.158521],[126.618113,37.160105],[126.617468,37.16315],[126.616179,37.172872],[126.616817,37.174795],[126.618056,37.175977],[126.61825,37.176729],[126.61992,37.178088],[126.621689,37.17891],[126.622026,37.179621],[126.622286,37.179562]]],[[[126.649757,37.187677],[126.648958,37.186839],[126.648855,37.18691],[126.649643,37.187739],[126.649757,37.187677]]],[[[126.650833,37.190802],[126.650812,37.190734],[126.650841,37.190727],[126.650764,37.190488],[126.650642,37.190516],[126.650725,37.190755],[126.650762,37.190747],[126.650783,37.190812],[126.650833,37.190802]]],[[[126.649983,37.191092],[126.649933,37.191002],[126.649949,37.190995],[126.649897,37.190905],[126.649787,37.190949],[126.649837,37.19104],[126.649876,37.191026],[126.649927,37.191113],[126.649983,37.191092]]],[[[126.745999,37.160431],[126.751294,37.155117],[126.747739,37.152868],[126.742475,37.148953],[126.736876,37.144224],[126.725156,37.132802],[126.714722,37.125059],[126.703262,37.11821],[126.695363,37.115447],[126.694405,37.115395],[126.691453,37.116018],[126.690042,37.116024],[126.686401,37.11517],[126.686677,37.114693],[126.684076,37.114626],[126.683986,37.113519],[126.683701,37.113524],[126.683759,37.114624],[126.680937,37.114871],[126.680843,37.115207],[126.677672,37.115202],[126.676946,37.11553],[126.675502,37.1158],[126.67551,37.116015],[126.676564,37.116081],[126.677631,37.1155],[126.680698,37.115416],[126.680942,37.117319],[126.679691,37.117708],[126.679731,37.117884],[126.675418,37.117967],[126.674575,37.11708],[126.67415,37.117165],[126.674492,37.117579],[126.674372,37.117648],[126.675184,37.118266],[126.677512,37.11831],[126.679571,37.118264],[126.68328,37.117092],[126.683833,37.118229],[126.684719,37.119138],[126.684686,37.12068],[126.68432,37.121426],[126.68444,37.121754],[126.684074,37.121727],[126.683962,37.121981],[126.684365,37.122204],[126.683434,37.125261],[126.681957,37.128702],[126.680345,37.131021],[126.679734,37.131028],[126.677383,37.130118],[126.674513,37.128489],[126.674276,37.128578],[126.677295,37.130147],[126.680019,37.131191],[126.679732,37.131236],[126.6793,37.132356],[126.6794,37.132594],[126.677568,37.135343],[126.676588,37.135924],[126.676419,37.135754],[126.675987,37.135909],[126.674762,37.135056],[126.674351,37.135407],[126.674593,37.135666],[126.6739,37.137148],[126.674149,37.13764],[126.673647,37.137401],[126.673496,37.137703],[126.675083,37.137869],[126.675277,37.138166],[126.675697,37.138271],[126.677091,37.139352],[126.677596,37.140173],[126.678477,37.14031],[126.679326,37.140695],[126.679701,37.141696],[126.67957,37.143143],[126.678938,37.143275],[126.677099,37.143165],[126.67684,37.141605],[126.677367,37.140337],[126.676782,37.141606],[126.676943,37.143162],[126.67334,37.142906],[126.673161,37.142692],[126.673185,37.142884],[126.666048,37.142427],[126.662933,37.139781],[126.660358,37.137888],[126.660131,37.137937],[126.66271,37.139734],[126.663956,37.140815],[126.663933,37.140965],[126.664167,37.140989],[126.665873,37.142505],[126.677411,37.143257],[126.677513,37.144106],[126.678956,37.144197],[126.679194,37.144497],[126.679973,37.144496],[126.680428,37.144202],[126.680743,37.144245],[126.68125,37.144665],[126.682488,37.147126],[126.682669,37.148372],[126.683948,37.149564],[126.684846,37.149974],[126.685655,37.150105],[126.685687,37.149916],[126.684953,37.149647],[126.686037,37.149624],[126.685889,37.149028],[126.686189,37.148982],[126.686429,37.149261],[126.689637,37.15064],[126.694677,37.152269],[126.696726,37.150585],[126.697312,37.15095],[126.697258,37.151251],[126.697452,37.151425],[126.693853,37.153711],[126.6929,37.154115],[126.691672,37.155811],[126.691216,37.157194],[126.682788,37.160475],[126.682449,37.160473],[126.669712,37.156006],[126.664051,37.156922],[126.662763,37.156636],[126.661474,37.155489],[126.660209,37.1547],[126.657742,37.153796],[126.656777,37.152116],[126.653254,37.147189],[126.652204,37.146584],[126.652485,37.146627],[126.6523,37.146107],[126.651809,37.146314],[126.646218,37.14303],[126.643494,37.140967],[126.639189,37.141144],[126.637915,37.138666],[126.638366,37.13829],[126.637816,37.138615],[126.638331,37.139648],[126.638204,37.13985],[126.638525,37.140091],[126.639047,37.141129],[126.638766,37.141157],[126.638679,37.140932],[126.638283,37.141021],[126.638367,37.141296],[126.638214,37.141347],[126.637866,37.141114],[126.638039,37.141671],[126.638874,37.141469],[126.638919,37.141233],[126.643068,37.140958],[126.643725,37.141165],[126.645852,37.142954],[126.653126,37.147155],[126.656182,37.151359],[126.657749,37.153911],[126.660114,37.154749],[126.662129,37.156181],[126.66175,37.156139],[126.66135,37.155551],[126.660224,37.154843],[126.658294,37.155038],[126.657979,37.154808],[126.658016,37.154335],[126.657666,37.15404],[126.65628,37.154308],[126.654513,37.153448],[126.653797,37.153503],[126.653849,37.153671],[126.653288,37.154085],[126.65233,37.154539],[126.651955,37.15445],[126.651906,37.154186],[126.651422,37.153939],[126.650515,37.154098],[126.650423,37.154439],[126.649744,37.154437],[126.650213,37.154996],[126.65021,37.155473],[126.650598,37.155921],[126.650423,37.156505],[126.653314,37.156555],[126.654139,37.157076],[126.65448,37.157593],[126.656017,37.158589],[126.656691,37.158933],[126.657746,37.159132],[126.660044,37.161076],[126.660906,37.162272],[126.661088,37.162993],[126.66085,37.163903],[126.660447,37.163723],[126.660348,37.163452],[126.659123,37.163413],[126.659045,37.163763],[126.659242,37.163413],[126.660326,37.163508],[126.660286,37.16399],[126.659306,37.163975],[126.659047,37.163793],[126.659244,37.164066],[126.660286,37.164114],[126.660272,37.164356],[126.659049,37.16519],[126.65833,37.166526],[126.658294,37.167081],[126.656854,37.166934],[126.656646,37.167494],[126.657348,37.167662],[126.655537,37.167712],[126.654266,37.166616],[126.653693,37.166904],[126.653567,37.167598],[126.654397,37.168026],[126.656004,37.167731],[126.657959,37.167678],[126.657457,37.169522],[126.657702,37.17001],[126.657346,37.170403],[126.656761,37.172404],[126.656161,37.173118],[126.655442,37.173451],[126.654679,37.174164],[126.654754,37.174434],[126.655494,37.174446],[126.655107,37.174712],[126.655122,37.175099],[126.655834,37.175378],[126.656844,37.176188],[126.65655,37.177535],[126.656174,37.177862],[126.655396,37.177918],[126.654067,37.17937],[126.654051,37.17967],[126.653456,37.18056],[126.653674,37.181247],[126.653443,37.181613],[126.653632,37.181653],[126.653967,37.181197],[126.654665,37.180809],[126.655778,37.180656],[126.657034,37.179932],[126.656973,37.179709],[126.656573,37.179733],[126.65658,37.179498],[126.65611,37.180036],[126.655425,37.179756],[126.6562,37.178882],[126.65768,37.178286],[126.658461,37.178357],[126.660201,37.177952],[126.658175,37.178291],[126.656779,37.17779],[126.656655,37.177499],[126.656971,37.176204],[126.658801,37.17694],[126.660015,37.176419],[126.661949,37.17916],[126.661683,37.179798],[126.662406,37.180028],[126.662783,37.180798],[126.663871,37.181672],[126.664579,37.181833],[126.665204,37.182316],[126.664985,37.182599],[126.66531,37.182895],[126.665566,37.184706],[126.666043,37.18592],[126.665907,37.186687],[126.66501,37.187219],[126.665457,37.187985],[126.666615,37.189042],[126.667212,37.188208],[126.667563,37.188098],[126.668499,37.188573],[126.668915,37.188547],[126.668868,37.188665],[126.669917,37.189235],[126.666736,37.190819],[126.666432,37.191232],[126.666458,37.191635],[126.665998,37.19224],[126.665288,37.192242],[126.66466,37.191638],[126.661389,37.190661],[126.660875,37.190902],[126.659871,37.190747],[126.659257,37.189953],[126.658233,37.190071],[126.654357,37.185965],[126.655387,37.18522],[126.653911,37.183677],[126.652876,37.183016],[126.652855,37.182554],[126.651531,37.182821],[126.650423,37.182786],[126.649949,37.183023],[126.649574,37.183714],[126.650098,37.184114],[126.650406,37.184724],[126.648788,37.185811],[126.648656,37.186631],[126.648864,37.185849],[126.650009,37.18524],[126.649932,37.185362],[126.650414,37.185866],[126.649998,37.185536],[126.649047,37.186028],[126.649172,37.18616],[126.649982,37.185574],[126.650256,37.185857],[126.64931,37.186307],[126.649397,37.186422],[126.650278,37.185883],[126.650573,37.186193],[126.649539,37.186703],[126.649721,37.18689],[126.650533,37.186261],[126.65083,37.186579],[126.649751,37.187118],[126.649957,37.187323],[126.649886,37.187208],[126.650082,37.187245],[126.649995,37.187139],[126.650177,37.187185],[126.650102,37.187073],[126.65086,37.186609],[126.651181,37.186947],[126.650559,37.187201],[126.650299,37.187534],[126.651234,37.186954],[126.650161,37.185692],[126.651447,37.186954],[126.650403,37.187742],[126.651883,37.187274],[126.653178,37.188627],[126.653828,37.188377],[126.655023,37.189571],[126.655263,37.189579],[126.655223,37.190426],[126.650581,37.191106],[126.650768,37.191799],[126.656549,37.190826],[126.657031,37.1909],[126.657428,37.191201],[126.657828,37.192073],[126.658218,37.192097],[126.65942,37.194199],[126.659185,37.194838],[126.659972,37.195317],[126.660212,37.195713],[126.660127,37.196193],[126.660535,37.196333],[126.661076,37.196196],[126.661882,37.196768],[126.663349,37.196311],[126.663979,37.196438],[126.664115,37.196139],[126.673063,37.193614],[126.674111,37.194426],[126.674534,37.194182],[126.675028,37.194237],[126.675228,37.194833],[126.676364,37.196234],[126.676377,37.197197],[126.677249,37.197526],[126.678177,37.197527],[126.680484,37.19844],[126.680336,37.199559],[126.68178,37.199903],[126.683017,37.200839],[126.685858,37.201702],[126.686515,37.202144],[126.687396,37.202257],[126.687749,37.20209],[126.689084,37.202667],[126.691266,37.203267],[126.695302,37.202903],[126.696178,37.203126],[126.696116,37.203372],[126.696847,37.203943],[126.697455,37.204028],[126.697809,37.203846],[126.697687,37.203588],[126.698623,37.203161],[126.698553,37.202933],[126.698733,37.202883],[126.69878,37.202538],[126.699653,37.20257],[126.700822,37.202289],[126.701863,37.201334],[126.701653,37.201165],[126.701673,37.200621],[126.701187,37.199633],[126.701326,37.198587],[126.700713,37.196941],[126.701134,37.196511],[126.702566,37.196319],[126.7029,37.19611],[126.70313,37.195611],[126.703655,37.195265],[126.703724,37.193607],[126.704286,37.193445],[126.704749,37.192753],[126.705529,37.192283],[126.705822,37.1917],[126.706659,37.191383],[126.707024,37.191319],[126.707171,37.192239],[126.707613,37.193015],[126.708263,37.19319],[126.709389,37.194108],[126.709899,37.194278],[126.710287,37.194788],[126.71022,37.195503],[126.710946,37.195458],[126.712469,37.196401],[126.713241,37.197857],[126.714296,37.197566],[126.716053,37.196288],[126.716662,37.196076],[126.716546,37.195403],[126.716851,37.194741],[126.719289,37.193989],[126.719442,37.193658],[126.718884,37.192378],[126.71932,37.191384],[126.718518,37.190093],[126.719031,37.189657],[126.719964,37.189283],[126.720532,37.188415],[126.719001,37.186975],[126.718751,37.186471],[126.718998,37.185902],[126.71798,37.185501],[126.717178,37.185524],[126.716445,37.184945],[126.716512,37.184547],[126.715502,37.183356],[126.715159,37.181734],[126.716636,37.180969],[126.717197,37.180179],[126.717655,37.178587],[126.71734,37.17789],[126.718481,37.17708],[126.719112,37.177029],[126.719971,37.176387],[126.720438,37.17657],[126.72166,37.176295],[126.722725,37.176471],[126.723988,37.176257],[126.724839,37.176425],[126.726,37.176348],[126.72626,37.175766],[126.726256,37.174798],[126.726554,37.174223],[126.727644,37.173751],[126.728968,37.172576],[126.730077,37.172317],[126.730445,37.171807],[126.731033,37.171548],[126.731346,37.170738],[126.732482,37.170001],[126.732731,37.169555],[126.735755,37.170342],[126.737005,37.170199],[126.737288,37.16998],[126.737208,37.16912],[126.737519,37.168446],[126.739426,37.167858],[126.739969,37.168008],[126.740837,37.168015],[126.741535,37.167795],[126.74163,37.167921],[126.74156,37.167664],[126.741757,37.167466],[126.74259,37.16718],[126.742476,37.166088],[126.743956,37.164784],[126.744128,37.163901],[126.743886,37.163378],[126.74397,37.1632],[126.745264,37.163125],[126.746169,37.163444],[126.746932,37.161698],[126.745999,37.160431]]],[[[126.69328,37.204219],[126.692417,37.20424],[126.692194,37.205235],[126.692914,37.206673],[126.693204,37.206937],[126.69413,37.207168],[126.69437,37.206565],[126.694146,37.205931],[126.694774,37.205254],[126.69438,37.204682],[126.69328,37.204219]]]]}},{"type":"Feature","properties":{"code":"31240380","name":"팔탄면","date":"20250630"},"geometry":{"type":"Polygon","coordinates":[[[126.86683,37.199743],[126.867008,37.199657],[126.867285,37.198823],[126.867777,37.198442],[126.870573,37.197641],[126.871424,37.197109],[126.873272,37.196565],[126.873471,37.195806],[126.874789,37.194232],[126.875092,37.193499],[126.876392,37.192883],[126.876775,37.193096],[126.876644,37.193612],[126.878988,37.193176],[126.878716,37.194414],[126.88088,37.196142],[126.881251,37.195593],[126.881112,37.19633],[126.882143,37.19713],[126.885484,37.197184],[126.88526,37.196785],[126.885621,37.196807],[126.885645,37.197052],[126.888451,37.197005],[126.888561,37.197387],[126.889074,37.197356],[126.88968,37.197056],[126.890469,37.195579],[126.894045,37.193189],[126.89416,37.192583],[126.894704,37.191904],[126.895728,37.191721],[126.89574,37.192411],[126.895399,37.192819],[126.89548,37.193672],[126.895908,37.193999],[126.896714,37.194202],[126.898294,37.19384],[126.900025,37.193861],[126.900518,37.192891],[126.901181,37.192342],[126.90165,37.192329],[126.902419,37.191922],[126.903264,37.192297],[126.904312,37.191991],[126.904862,37.192133],[126.906265,37.191167],[126.906705,37.191756],[126.908352,37.191692],[126.908572,37.192193],[126.908824,37.192312],[126.909318,37.192184],[126.910302,37.191435],[126.910751,37.191662],[126.911888,37.191455],[126.912346,37.191831],[126.913599,37.191654],[126.914694,37.191878],[126.915202,37.191458],[126.917712,37.190867],[126.918564,37.19013],[126.919955,37.189665],[126.919808,37.189094],[126.920002,37.188514],[126.919234,37.187666],[126.919517,37.186591],[126.920385,37.186028],[126.92043,37.185421],[126.920256,37.185164],[126.920402,37.184439],[126.920801,37.18375],[126.921021,37.182241],[126.920502,37.180761],[126.920989,37.179816],[126.920792,37.179061],[126.91913,37.178845],[126.919433,37.177651],[126.91918,37.177347],[126.917541,37.176604],[126.917156,37.175973],[126.918269,37.173965],[126.919001,37.1733],[126.919481,37.173193],[126.919639,37.170759],[126.918624,37.169709],[126.919313,37.169399],[126.920694,37.16917],[126.922301,37.1685],[126.923257,37.168448],[126.923275,37.168304],[126.921903,37.167415],[126.920839,37.167087],[126.918687,37.167067],[126.917357,37.166783],[126.917045,37.16622],[126.916519,37.165923],[126.915583,37.166142],[126.915308,37.165558],[126.915271,37.164024],[126.914887,37.163398],[126.915079,37.162782],[126.915039,37.161556],[126.914164,37.160669],[126.914524,37.160602],[126.91439,37.160462],[126.914619,37.16009],[126.915324,37.159721],[126.91588,37.159153],[126.914949,37.157348],[126.916736,37.156693],[126.917462,37.156139],[126.917016,37.155806],[126.91718,37.155633],[126.919592,37.154379],[126.920548,37.154686],[126.920767,37.155036],[126.920967,37.155032],[126.92231,37.156153],[126.922866,37.157808],[126.923587,37.15837],[126.924218,37.159189],[126.92428,37.159598],[126.925254,37.159894],[126.925013,37.160516],[126.925937,37.160655],[126.926186,37.160956],[126.929503,37.161419],[126.92987,37.161755],[126.930754,37.161729],[126.931414,37.161064],[126.933118,37.16059],[126.933652,37.160766],[126.934271,37.1607],[126.935196,37.160169],[126.93694,37.159708],[126.937463,37.157338],[126.936817,37.156891],[126.93582,37.155482],[126.935074,37.15306],[126.934777,37.151276],[126.934477,37.150677],[126.933282,37.149811],[126.933213,37.149446],[126.932717,37.149531],[126.931445,37.149208],[126.931073,37.148673],[126.929957,37.148369],[126.929394,37.147945],[126.929123,37.147328],[126.929148,37.146175],[126.92535,37.144508],[126.924725,37.143894],[126.921884,37.143311],[126.9213,37.142664],[126.920215,37.142794],[126.919519,37.142568],[126.91851,37.141901],[126.917246,37.14146],[126.916986,37.141143],[126.916998,37.140784],[126.91649,37.140545],[126.916368,37.140685],[126.915541,37.140016],[126.915491,37.1403],[126.914206,37.140058],[126.913571,37.140419],[126.911291,37.140721],[126.91036,37.140649],[126.910555,37.141677],[126.910907,37.141983],[126.910945,37.143473],[126.9114,37.145501],[126.911921,37.146493],[126.907693,37.14886],[126.90739,37.149248],[126.906888,37.149297],[126.905378,37.150188],[126.903526,37.148608],[126.903416,37.147769],[126.903963,37.147391],[126.904138,37.146549],[126.901967,37.146102],[126.901728,37.145544],[126.89974,37.143418],[126.899825,37.14326],[126.899291,37.142086],[126.898086,37.140742],[126.897769,37.141067],[126.896974,37.141327],[126.898083,37.138371],[126.896654,37.138681],[126.895623,37.13862],[126.895898,37.137584],[126.89541,37.137009],[126.89547,37.136063],[126.894914,37.13524],[126.894329,37.134881],[126.893585,37.134667],[126.892466,37.1355],[126.891143,37.133037],[126.890908,37.131989],[126.889979,37.130299],[126.889341,37.128483],[126.888556,37.127883],[126.887841,37.12797],[126.888768,37.127483],[126.888899,37.126959],[126.888623,37.126803],[126.888656,37.126219],[126.888451,37.125713],[126.887007,37.124476],[126.887819,37.123276],[126.889641,37.122762],[126.889757,37.121655],[126.89041,37.119511],[126.890197,37.119153],[126.889913,37.117305],[126.890578,37.116449],[126.890115,37.115278],[126.888844,37.114999],[126.887894,37.112904],[126.888216,37.112399],[126.888051,37.111963],[126.886974,37.110534],[126.886419,37.108882],[126.885652,37.108065],[126.885924,37.107884],[126.884959,37.107075],[126.884576,37.106398],[126.884822,37.105845],[126.88547,37.105157],[126.886275,37.104927],[126.887762,37.105318],[126.888167,37.105151],[126.888422,37.104833],[126.888526,37.103804],[126.888179,37.102939],[126.887169,37.101392],[126.886906,37.100063],[126.886024,37.099534],[126.884484,37.099222],[126.88391,37.098827],[126.882976,37.096163],[126.880349,37.094064],[126.879968,37.093537],[126.877351,37.096488],[126.877819,37.097139],[126.877544,37.097448],[126.877763,37.099394],[126.877312,37.099585],[126.876397,37.101092],[126.876439,37.102042],[126.875932,37.102039],[126.875507,37.101547],[126.874974,37.10129],[126.873329,37.10146],[126.872615,37.102593],[126.870515,37.102707],[126.869307,37.103383],[126.869055,37.103967],[126.867621,37.103935],[126.867151,37.104243],[126.866586,37.104048],[126.865704,37.104442],[126.865321,37.104991],[126.865462,37.10552],[126.864849,37.106301],[126.864848,37.106726],[126.863837,37.10792],[126.863919,37.108579],[126.863741,37.109005],[126.862635,37.110081],[126.86264,37.110571],[126.862845,37.110805],[126.861915,37.112082],[126.860691,37.112547],[126.859339,37.1126],[126.859348,37.112986],[126.858941,37.113656],[126.858073,37.11435],[126.857857,37.115095],[126.857329,37.115748],[126.855999,37.115954],[126.855105,37.116576],[126.853767,37.116793],[126.853318,37.117698],[126.853498,37.11792],[126.85287,37.118809],[126.852365,37.118961],[126.852132,37.1194],[126.8516,37.120527],[126.851599,37.12108],[126.849612,37.121612],[126.849005,37.122203],[126.848538,37.12235],[126.848413,37.123432],[126.848115,37.124161],[126.849343,37.125098],[126.848932,37.126311],[126.849141,37.126895],[126.848829,37.127152],[126.848866,37.127491],[126.848602,37.127979],[126.848223,37.128407],[126.847599,37.128552],[126.846804,37.129221],[126.84492,37.130269],[126.844671,37.130591],[126.84311,37.130893],[126.841383,37.132678],[126.840952,37.134549],[126.841489,37.136482],[126.841192,37.137134],[126.841637,37.137508],[126.8438,37.138444],[126.845236,37.140085],[126.846254,37.13986],[126.846791,37.139986],[126.847283,37.14022],[126.847671,37.140754],[126.846635,37.141613],[126.845662,37.142778],[126.842536,37.143782],[126.841964,37.144507],[126.839838,37.146024],[126.840095,37.147257],[126.839708,37.147487],[126.839704,37.148556],[126.839507,37.148735],[126.835278,37.150351],[126.833418,37.150088],[126.830549,37.15032],[126.831097,37.150917],[126.832131,37.15139],[126.835622,37.151852],[126.839464,37.15303],[126.840451,37.154016],[126.843301,37.155551],[126.844682,37.15693],[126.844855,37.157357],[126.844791,37.158339],[126.84507,37.1587],[126.848826,37.160443],[126.851715,37.162653],[126.854382,37.16325],[126.858662,37.164987],[126.862444,37.168621],[126.862733,37.169104],[126.862314,37.169279],[126.862173,37.171024],[126.865108,37.174775],[126.865075,37.175068],[126.864604,37.175273],[126.864219,37.176064],[126.863606,37.176392],[126.863603,37.176698],[126.863314,37.176911],[126.8609,37.176771],[126.860652,37.17694],[126.859743,37.178502],[126.860086,37.179409],[126.860865,37.180304],[126.861124,37.181533],[126.858873,37.182138],[126.858067,37.182641],[126.858079,37.183417],[126.857622,37.18362],[126.857707,37.184129],[126.85668,37.184816],[126.857063,37.185627],[126.857555,37.185677],[126.85737,37.186299],[126.857431,37.187154],[126.857827,37.187885],[126.858903,37.188327],[126.859961,37.188471],[126.860264,37.188828],[126.860295,37.189233],[126.861051,37.189871],[126.86062,37.190441],[126.860595,37.191282],[126.859774,37.192351],[126.859726,37.193151],[126.860632,37.19403],[126.8605,37.194766],[126.860629,37.195123],[126.861847,37.195347],[126.863189,37.195948],[126.862826,37.19635],[126.862357,37.197967],[126.862181,37.198879],[126.862193,37.199298],[126.862497,37.199547],[126.862372,37.200031],[126.86264,37.200207],[126.864099,37.1997],[126.865395,37.199878],[126.865758,37.20023],[126.86683,37.199743]]]}},{"type":"Feature","properties":{"code":"31240390","name":"장안면","date":"20250630"},"geometry":{"type":"Polygon","coordinates":[[[126.821599,37.150204],[126.823039,37.149764],[126.823135,37.150026],[126.825991,37.14986],[126.82811,37.150118],[126.829812,37.150085],[126.830548,37.15032],[126.833418,37.150088],[126.835278,37.150351],[126.839507,37.148735],[126.839704,37.148556],[126.839708,37.147487],[126.840095,37.147257],[126.839838,37.146024],[126.841964,37.144507],[126.842536,37.143782],[126.845864,37.142641],[126.846635,37.141613],[126.847696,37.140711],[126.847283,37.14022],[126.846791,37.139986],[126.846254,37.13986],[126.845236,37.140085],[126.8438,37.138444],[126.841637,37.137508],[126.841192,37.137134],[126.841489,37.136482],[126.840952,37.134549],[126.841383,37.132678],[126.84244,37.131427],[126.842943,37.131191],[126.843141,37.130875],[126.844671,37.130591],[126.84492,37.130269],[126.846804,37.129221],[126.847599,37.128552],[126.848223,37.128407],[126.848793,37.127745],[126.848829,37.127152],[126.849141,37.126895],[126.848932,37.126311],[126.849343,37.125098],[126.848115,37.124161],[126.848413,37.123432],[126.848538,37.12235],[126.849005,37.122203],[126.849612,37.121612],[126.851599,37.12108],[126.8516,37.120527],[126.852132,37.1194],[126.852365,37.118961],[126.85287,37.118809],[126.853498,37.11792],[126.853318,37.117698],[126.853767,37.116793],[126.855105,37.116576],[126.855999,37.115954],[126.857329,37.115748],[126.857857,37.115095],[126.858073,37.11435],[126.858941,37.113656],[126.859348,37.112986],[126.859339,37.1126],[126.860691,37.112547],[126.861915,37.112082],[126.862845,37.110805],[126.86264,37.110571],[126.862635,37.110081],[126.863741,37.109005],[126.863919,37.108579],[126.863837,37.10792],[126.864848,37.106726],[126.864849,37.106301],[126.865462,37.10552],[126.865321,37.104991],[126.865704,37.104442],[126.866586,37.104048],[126.867151,37.104243],[126.867621,37.103935],[126.869055,37.103967],[126.869307,37.103383],[126.870515,37.102707],[126.872615,37.102593],[126.873329,37.10146],[126.874974,37.10129],[126.875507,37.101547],[126.875932,37.102039],[126.876439,37.102042],[126.876397,37.101092],[126.877312,37.099585],[126.877763,37.099394],[126.877544,37.097448],[126.877819,37.097139],[126.877351,37.096488],[126.879968,37.093537],[126.878369,37.089466],[126.87823,37.088439],[126.878342,37.087394],[126.879098,37.084629],[126.879995,37.082912],[126.880657,37.079636],[126.881675,37.076466],[126.883016,37.073082],[126.88374,37.066988],[126.883587,37.064167],[126.881772,37.059868],[126.877444,37.052727],[126.870804,37.043979],[126.863853,37.033762],[126.859111,37.027206],[126.854795,37.021695],[126.851138,37.018393],[126.842112,37.014317],[126.834023,37.013378],[126.812621,37.013409],[126.81261,37.020712],[126.811091,37.023154],[126.810559,37.023635],[126.809499,37.024137],[126.809185,37.02455],[126.809841,37.025483],[126.812662,37.027988],[126.812661,37.033764],[126.812793,37.034394],[126.813098,37.034394],[126.813011,37.035091],[126.811852,37.036035],[126.811028,37.036337],[126.811306,37.036502],[126.810937,37.036565],[126.810893,37.036768],[126.811085,37.037713],[126.811346,37.037673],[126.811517,37.038122],[126.811286,37.038239],[126.810737,37.039858],[126.810839,37.040393],[126.810046,37.041412],[126.811413,37.042208],[126.811199,37.043111],[126.811376,37.044415],[126.810868,37.045308],[126.81056,37.047121],[126.810189,37.047662],[126.809952,37.047561],[126.809461,37.048075],[126.808506,37.04862],[126.80714,37.048468],[126.806638,37.04888],[126.804923,37.048559],[126.803045,37.049205],[126.801797,37.05012],[126.801036,37.049991],[126.800697,37.051175],[126.801797,37.051811],[126.801702,37.052133],[126.800948,37.052584],[126.800463,37.05342],[126.798256,37.054528],[126.797635,37.055376],[126.797048,37.055852],[126.796071,37.056235],[126.795918,37.056563],[126.795933,37.058923],[126.796042,37.059201],[126.796419,37.05919],[126.79639,37.059482],[126.796054,37.059487],[126.796046,37.05962],[126.79655,37.060696],[126.796227,37.062118],[126.796323,37.062538],[126.797371,37.062834],[126.798068,37.063349],[126.798278,37.063769],[126.798775,37.064002],[126.799348,37.063791],[126.800276,37.063993],[126.801521,37.065308],[126.80194,37.066271],[126.802388,37.066512],[126.803325,37.066517],[126.805183,37.066893],[126.806513,37.067797],[126.807716,37.068133],[126.810822,37.070063],[126.811794,37.071115],[126.811715,37.07122],[126.812543,37.07158],[126.812433,37.072612],[126.812132,37.072999],[126.811866,37.07399],[126.811446,37.074047],[126.809491,37.073385],[126.808803,37.07357],[126.808831,37.073811],[126.807534,37.074207],[126.807326,37.075364],[126.806535,37.076349],[126.806976,37.077135],[126.808027,37.077653],[126.80821,37.078289],[126.808135,37.079688],[126.809112,37.080017],[126.810233,37.081131],[126.812268,37.081281],[126.813205,37.080872],[126.814219,37.08092],[126.815197,37.079283],[126.816329,37.079782],[126.817121,37.079732],[126.817905,37.080087],[126.819163,37.080924],[126.820145,37.081926],[126.821027,37.082283],[126.821933,37.083264],[126.822707,37.08364],[126.822405,37.084385],[126.823372,37.084808],[126.822934,37.085424],[126.823159,37.085563],[126.823213,37.086014],[126.823695,37.086231],[126.824865,37.086232],[126.824817,37.086641],[126.826526,37.086852],[126.826501,37.087304],[126.827629,37.088128],[126.828506,37.089986],[126.82833,37.090385],[126.829081,37.091471],[126.828914,37.091881],[126.828156,37.09256],[126.828087,37.093253],[126.828373,37.093688],[126.828406,37.094384],[126.828137,37.094716],[126.828075,37.095783],[126.827819,37.096216],[126.827919,37.09657],[126.828671,37.096786],[126.829771,37.097785],[126.830069,37.097578],[126.831037,37.097607],[126.833858,37.099071],[126.83344,37.099528],[126.832596,37.099849],[126.832432,37.100501],[126.831449,37.101051],[126.831158,37.101618],[126.830007,37.101982],[126.828422,37.102821],[126.827243,37.102814],[126.826725,37.102465],[126.826251,37.10257],[126.824775,37.10309],[126.824526,37.103811],[126.822524,37.102925],[126.822119,37.103802],[126.820542,37.103192],[126.819872,37.103372],[126.818731,37.104455],[126.817944,37.104427],[126.817686,37.104737],[126.817916,37.10652],[126.819047,37.106315],[126.819541,37.106566],[126.81878,37.107349],[126.818417,37.107948],[126.818339,37.10848],[126.816893,37.108953],[126.815734,37.108415],[126.815085,37.108469],[126.814654,37.108735],[126.815001,37.1097],[126.813902,37.109722],[126.814534,37.10985],[126.814226,37.110291],[126.814218,37.11134],[126.814561,37.11215],[126.814491,37.112759],[126.814717,37.113753],[126.814295,37.114699],[126.814178,37.116338],[126.818162,37.116658],[126.820883,37.116383],[126.824322,37.117649],[126.827367,37.117077],[126.829676,37.117308],[126.829742,37.117861],[126.830474,37.118255],[126.830252,37.118803],[126.829612,37.119056],[126.830067,37.11952],[126.830046,37.120048],[126.829666,37.121148],[126.829439,37.12128],[126.829293,37.122325],[126.828087,37.122742],[126.828471,37.123729],[126.826261,37.126379],[126.825847,37.127686],[126.826015,37.12772],[126.825784,37.128238],[126.827094,37.128267],[126.828585,37.127885],[126.829021,37.129829],[126.828683,37.130022],[126.824354,37.129467],[126.814973,37.137209],[126.813707,37.138614],[126.812297,37.139734],[126.812058,37.139529],[126.812198,37.139219],[126.81193,37.138879],[126.811784,37.13911],[126.810175,37.139754],[126.809271,37.139106],[126.807856,37.139262],[126.807094,37.138697],[126.806111,37.14186],[126.803701,37.148293],[126.806014,37.148764],[126.811243,37.149307],[126.818434,37.150442],[126.820339,37.150462],[126.821599,37.150204]]]}},{"type":"Feature","properties":{"code":"31240420","name":"양감면","date":"20250630"},"geometry":{"type":"Polygon","coordinates":[[[126.998857,37.119776],[126.998362,37.119497],[126.997913,37.118877],[126.998216,37.11774],[126.997946,37.117163],[126.997901,37.116451],[126.997484,37.115965],[126.996888,37.116019],[126.996359,37.116532],[126.995785,37.116766],[126.995359,37.116659],[126.995077,37.116244],[126.995864,37.11519],[126.997541,37.114694],[126.998227,37.114911],[126.998317,37.115793],[126.99888,37.115757],[126.998553,37.114451],[126.998137,37.114153],[126.997462,37.114135],[126.995977,37.114271],[126.994559,37.114676],[126.994211,37.114541],[126.994503,37.11355],[126.995246,37.112748],[126.995415,37.11164],[126.99582,37.111532],[126.996641,37.111685],[126.998002,37.110919],[126.999487,37.111631],[127.000072,37.111423],[127.000297,37.110775],[127.000287,37.110074],[126.999926,37.1099],[126.997102,37.109838],[126.996259,37.110234],[126.995977,37.110189],[126.995625,37.109895],[126.995302,37.109099],[126.996181,37.108261],[126.996022,37.107576],[126.996225,37.107296],[126.997046,37.106954],[126.997822,37.106909],[126.998161,37.106513],[126.997958,37.104836],[126.997485,37.104629],[126.99627,37.104674],[126.995831,37.10489],[126.995494,37.104782],[126.995415,37.104368],[126.995663,37.103981],[126.995359,37.103296],[126.996248,37.1028],[126.996608,37.102909],[126.996743,37.103404],[126.997069,37.103629],[126.997631,37.103368],[126.997755,37.101836],[126.997485,37.101485],[126.996675,37.101313],[126.996687,37.101152],[126.997125,37.10044],[126.998037,37.100169],[126.998104,37.099899],[126.99681,37.098682],[126.997182,37.098304],[126.998338,37.098277],[126.998762,37.097855],[126.998453,37.097457],[126.997339,37.097277],[126.996991,37.096826],[126.997092,37.096331],[126.998228,37.094988],[126.998442,37.09415],[126.998341,37.093114],[126.998037,37.092753],[126.995844,37.09142],[126.995405,37.090401],[126.995383,37.089861],[126.995563,37.089545],[126.997722,37.088879],[126.999893,37.086932],[127.000185,37.086419],[127.000163,37.085761],[126.999668,37.084878],[126.999072,37.084545],[126.998566,37.084527],[126.997925,37.084833],[126.997396,37.08623],[126.996485,37.087221],[126.99229,37.087906],[126.99112,37.08787],[126.99049,37.087491],[126.990817,37.086022],[126.991773,37.084337],[126.995091,37.081031],[126.996137,37.079391],[126.996272,37.078652],[126.996193,37.077904],[126.995395,37.077327],[126.990953,37.077534],[126.990458,37.07721],[126.990413,37.076822],[126.990594,37.076347],[126.991268,37.075795],[126.992899,37.073705],[126.994136,37.073101],[126.996205,37.07256],[126.996857,37.072164],[126.997239,37.071479],[126.997273,37.070866],[126.99688,37.070137],[126.996205,37.069686],[126.995857,37.069541],[126.995554,37.070046],[126.99336,37.069812],[126.99119,37.070686],[126.990616,37.070704],[126.99002,37.07056],[126.989762,37.070208],[126.989852,37.070028],[126.988131,37.069794],[126.987682,37.069415],[126.987149,37.069894],[126.986816,37.069956],[126.987108,37.070685],[126.986939,37.070875],[126.9864,37.071216],[126.984735,37.071631],[126.981946,37.071406],[126.980226,37.070892],[126.978134,37.071071],[126.977449,37.070846],[126.977786,37.070991],[126.975604,37.070701],[126.974187,37.07117],[126.973929,37.071692],[126.97322,37.072062],[126.971337,37.072616],[126.971319,37.072758],[126.969138,37.073169],[126.967294,37.071222],[126.966362,37.069078],[126.965272,37.068627],[126.964653,37.067843],[126.963923,37.067689],[126.962854,37.067797],[126.961831,37.068193],[126.961078,37.068058],[126.9602,37.068742],[126.959413,37.068904],[126.959098,37.069174],[126.95604,37.0682],[126.952577,37.068288],[126.950653,37.068918],[126.949047,37.068774],[126.94908,37.068395],[126.948383,37.067593],[126.948361,37.066845],[126.948552,37.066323],[126.947586,37.065791],[126.947149,37.064105],[126.948038,37.063115],[126.948454,37.063007],[126.948533,37.061628],[126.946458,37.061682],[126.945048,37.061149],[126.942856,37.060905],[126.942226,37.061256],[126.941765,37.061084],[126.941012,37.061381],[126.940349,37.060696],[126.938797,37.061335],[126.936458,37.061676],[126.934659,37.061603],[126.933781,37.062378],[126.932185,37.062305],[126.93151,37.06262],[126.931756,37.063548],[126.9313,37.06454],[126.928825,37.064239],[126.928724,37.064936],[126.930709,37.065131],[126.931058,37.065341],[126.930292,37.066439],[126.930404,37.066751],[126.930235,37.067187],[126.928851,37.067745],[126.928491,37.068096],[126.927434,37.067969],[126.926007,37.067203],[126.923939,37.066598],[126.922702,37.066056],[126.922096,37.065335],[126.921151,37.065406],[126.920016,37.065081],[126.918903,37.065279],[126.917957,37.06626],[126.917429,37.065764],[126.917126,37.065719],[126.916417,37.066115],[126.915113,37.065645],[126.914584,37.065807],[126.913031,37.066968],[126.91276,37.068049],[126.911466,37.068913],[126.910319,37.068894],[126.909509,37.069164],[126.908239,37.069001],[126.907834,37.069072],[126.907586,37.06937],[126.906833,37.06945],[126.906484,37.069198],[126.905573,37.069449],[126.904851,37.071278],[126.904896,37.07153],[126.905368,37.0719],[126.90522,37.07299],[126.905332,37.073513],[126.904556,37.073377],[126.905897,37.074165],[126.906988,37.075107],[126.908312,37.075512],[126.909696,37.076338],[126.910112,37.076707],[126.910441,37.077389],[126.911059,37.077749],[126.91178,37.078616],[126.912127,37.078615],[126.913433,37.079341],[126.915595,37.079764],[126.916618,37.080279],[126.918712,37.079753],[126.920913,37.080155],[126.921353,37.081156],[126.922583,37.081144],[126.923825,37.080875],[126.925883,37.081277],[126.926963,37.081912],[126.926516,37.082619],[126.926742,37.084012],[126.926993,37.084845],[126.92721,37.084998],[126.927317,37.08612],[126.927703,37.08702],[126.927332,37.087577],[126.927178,37.088754],[126.926656,37.090315],[126.92687,37.093659],[126.92615,37.094976],[126.925695,37.099355],[126.928423,37.100006],[126.928674,37.100153],[126.928619,37.10037],[126.929338,37.101676],[126.930543,37.101653],[126.931398,37.102222],[126.931884,37.102861],[126.931853,37.103392],[126.932469,37.104024],[126.93219,37.104594],[126.932802,37.105148],[126.932827,37.105771],[126.935159,37.105774],[126.935771,37.105495],[126.937155,37.105992],[126.937763,37.104829],[126.937703,37.104364],[126.938134,37.103819],[126.940099,37.103364],[126.940583,37.102572],[126.941998,37.101965],[126.942419,37.101851],[126.94251,37.102548],[126.942864,37.102426],[126.943072,37.102283],[126.943152,37.101584],[126.943411,37.10122],[126.94363,37.101078],[126.944283,37.101315],[126.944729,37.100505],[126.94568,37.100823],[126.945975,37.09975],[126.945027,37.097223],[126.945282,37.096723],[126.945471,37.096616],[126.945912,37.096817],[126.946481,37.097569],[126.947388,37.097838],[126.94742,37.098059],[126.948031,37.09802],[126.947948,37.097132],[126.948521,37.097094],[126.948467,37.09807],[126.949012,37.098001],[126.949614,37.09859],[126.951166,37.09867],[126.95255,37.099247],[126.953843,37.099452],[126.954005,37.100249],[126.953892,37.100496],[126.954184,37.10109],[126.953763,37.101798],[126.954327,37.102088],[126.95467,37.10283],[126.954863,37.103821],[126.954603,37.104768],[126.955345,37.10548],[126.954642,37.106108],[126.954474,37.106436],[126.954605,37.106747],[126.954402,37.107017],[126.955214,37.10853],[126.955502,37.108668],[126.956725,37.108271],[126.957416,37.108341],[126.958047,37.108728],[126.960345,37.108166],[126.960435,37.107855],[126.961359,37.107428],[126.961805,37.107484],[126.962991,37.107044],[126.963735,37.105918],[126.96445,37.105483],[126.964812,37.105501],[126.964804,37.105954],[126.965637,37.106632],[126.966844,37.107136],[126.968399,37.107387],[126.969553,37.108701],[126.970026,37.108945],[126.969984,37.10929],[126.971402,37.109127],[126.972384,37.111047],[126.973206,37.111849],[126.97361,37.112782],[126.973062,37.113249],[126.973173,37.114018],[126.973778,37.115268],[126.973707,37.116135],[126.973309,37.116343],[126.973317,37.116581],[126.973935,37.117244],[126.97477,37.117541],[126.974979,37.118513],[126.975976,37.119362],[126.976013,37.11976],[126.978389,37.120153],[126.980623,37.119471],[126.982296,37.119674],[126.984319,37.119619],[126.985877,37.121024],[126.986792,37.121514],[126.987823,37.121411],[126.988954,37.120975],[126.989194,37.120627],[126.989143,37.120016],[126.990817,37.119068],[126.992568,37.11976],[126.992435,37.120072],[126.993098,37.121304],[126.993938,37.12222],[126.995634,37.123122],[126.997045,37.123416],[126.999206,37.123038],[126.998868,37.121822],[126.999341,37.121128],[126.999723,37.120975],[126.999802,37.120596],[126.999622,37.120191],[126.998857,37.119776]]]}},{"type":"Feature","properties":{"code":"31240430","name":"정남면","date":"20250630"},"geometry":{"type":"Polygon","coordinates":[[[126.968865,37.198296],[126.970556,37.196751],[126.971437,37.195406],[126.972052,37.195444],[126.972751,37.195223],[126.973129,37.195335],[126.973381,37.195822],[126.974,37.196043],[126.974322,37.196565],[126.975085,37.196866],[126.975296,37.197239],[126.976117,37.197794],[126.978757,37.198167],[126.979188,37.197975],[126.981062,37.197994],[126.98095,37.197582],[126.981675,37.197361],[126.982451,37.196288],[126.984471,37.195728],[126.98496,37.194872],[126.984931,37.194152],[126.986879,37.194818],[126.987792,37.194505],[126.988345,37.194473],[126.989657,37.194811],[126.990187,37.194403],[126.991274,37.194445],[126.993155,37.194124],[126.994716,37.19421],[126.995721,37.193198],[126.996823,37.192825],[126.997033,37.192214],[126.997607,37.191894],[126.998294,37.190524],[126.998784,37.19049],[126.999263,37.189603],[127.0001,37.189671],[127.001707,37.190286],[127.002024,37.189794],[127.002977,37.189312],[127.003572,37.188692],[127.004058,37.188733],[127.004939,37.188324],[127.005306,37.1878],[127.006019,37.187508],[127.005961,37.186391],[127.005527,37.18595],[127.005184,37.184823],[127.004784,37.184377],[127.003933,37.184034],[127.003472,37.183345],[127.002544,37.18272],[127.002318,37.182372],[127.002335,37.182093],[127.00274,37.181805],[127.004925,37.181508],[127.00506,37.181102],[127.004756,37.180507],[127.003107,37.179206],[127.002513,37.178337],[127.000724,37.177435],[127.000172,37.177377],[126.99924,37.177636],[126.998799,37.177957],[126.998934,37.178476],[127.000099,37.179223],[127.000414,37.179656],[127.000392,37.179962],[126.999829,37.180579],[126.999232,37.180647],[126.998528,37.179975],[126.997104,37.17934],[126.996318,37.178268],[126.995128,37.17715],[126.994914,37.17565],[126.995145,37.174947],[126.995274,37.174817],[126.996322,37.174889],[126.998416,37.17379],[126.999458,37.173763],[127.001434,37.172785],[127.001636,37.17265],[127.001946,37.171704],[127.002723,37.171348],[127.003323,37.170499],[127.005662,37.169082],[127.006247,37.168284],[127.006894,37.168428],[127.00712,37.168311],[127.007564,37.168514],[127.009135,37.168433],[127.009878,37.168081],[127.011646,37.168014],[127.012192,37.167685],[127.013245,37.167536],[127.014145,37.167815],[127.015541,37.167509],[127.016579,37.167957],[127.019133,37.167013],[127.020051,37.16722],[127.020771,37.166544],[127.021356,37.166431],[127.021441,37.16621],[127.022904,37.16534],[127.0247,37.165277],[127.02528,37.164817],[127.026501,37.163529],[127.0273,37.162303],[127.02726,37.160708],[127.029759,37.159135],[127.030029,37.158522],[127.030022,37.157302],[127.030529,37.156765],[127.030602,37.156283],[127.029662,37.155536],[127.028964,37.155464],[127.028834,37.154973],[127.027804,37.154189],[127.027798,37.15286],[127.028484,37.151455],[127.029204,37.150851],[127.02995,37.149556],[127.03012,37.148693],[127.02971,37.148003],[127.030154,37.147611],[127.030801,37.147471],[127.031285,37.146741],[127.030873,37.144327],[127.031756,37.142984],[127.031633,37.142185],[127.032155,37.140726],[127.032757,37.13994],[127.033702,37.139153],[127.033572,37.138271],[127.033976,37.137418],[127.034793,37.137135],[127.035701,37.136488],[127.035377,37.135892],[127.031595,37.134955],[127.030605,37.134965],[127.0302,37.134613],[127.030278,37.13428],[127.030076,37.133973],[127.02967,37.133676],[127.027521,37.133613],[127.025405,37.132857],[127.024572,37.133155],[127.024133,37.133101],[127.022805,37.13229],[127.021218,37.132056],[127.019192,37.131047],[127.018213,37.130291],[127.016187,37.129687],[127.013351,37.12903],[127.011922,37.12912],[127.009142,37.128607],[127.008535,37.128282],[127.008231,37.127886],[127.006689,37.128273],[127.005575,37.128021],[127.005429,37.128318],[127.005125,37.128102],[127.003999,37.127895],[127.001422,37.128012],[127.00086,37.127552],[127.000995,37.127183],[127.001625,37.126949],[127.001524,37.126516],[127.001062,37.126426],[126.99978,37.127138],[126.999104,37.126759],[126.999239,37.126183],[126.999982,37.125732],[127.00014,37.125173],[126.999251,37.124894],[126.998384,37.125516],[126.997855,37.125597],[126.997428,37.124957],[126.997605,37.124313],[126.997316,37.124193],[126.996769,37.124717],[126.996818,37.1262],[126.997369,37.127965],[126.996133,37.129328],[126.993193,37.129861],[126.991453,37.129085],[126.990257,37.12916],[126.989365,37.129688],[126.988559,37.129559],[126.987507,37.129807],[126.985927,37.131521],[126.985597,37.132513],[126.984512,37.132744],[126.984372,37.133251],[126.983806,37.133638],[126.983453,37.133598],[126.98271,37.134562],[126.982261,37.134813],[126.982003,37.135647],[126.982544,37.137856],[126.982531,37.138725],[126.982124,37.139987],[126.982271,37.140278],[126.982255,37.141591],[126.979724,37.142184],[126.97921,37.14312],[126.978576,37.143418],[126.977994,37.142986],[126.976016,37.143013],[126.9749,37.142644],[126.974093,37.143377],[126.972175,37.143804],[126.970161,37.143668],[126.969184,37.14463],[126.968032,37.144317],[126.967558,37.14436],[126.967124,37.14374],[126.964625,37.14356],[126.964125,37.143754],[126.963289,37.143611],[126.960785,37.144059],[126.960689,37.144342],[126.959949,37.144688],[126.959424,37.143525],[126.958674,37.143041],[126.958369,37.142578],[126.957807,37.142709],[126.955404,37.143494],[126.955033,37.143885],[126.954916,37.145052],[126.953014,37.145421],[126.952575,37.146503],[126.952686,37.146758],[126.95241,37.147438],[126.952361,37.148435],[126.950817,37.148854],[126.950174,37.14882],[126.949742,37.149249],[126.948987,37.149475],[126.948204,37.150075],[126.946805,37.150205],[126.945252,37.151456],[126.943908,37.153708],[126.943762,37.157159],[126.944243,37.157666],[126.94383,37.158254],[126.944743,37.158785],[126.944778,37.159286],[126.945066,37.159592],[126.944673,37.16061],[126.94469,37.161468],[126.945401,37.162647],[126.945059,37.163481],[126.945654,37.164851],[126.94534,37.16673],[126.945731,37.167296],[126.945096,37.167688],[126.94487,37.168177],[126.944698,37.169144],[126.944921,37.170353],[126.944719,37.171048],[126.944065,37.171317],[126.943699,37.171846],[126.944429,37.17255],[126.945685,37.173288],[126.947356,37.173754],[126.948121,37.173755],[126.948967,37.174196],[126.94909,37.175314],[126.949446,37.17603],[126.952027,37.177127],[126.9518,37.177448],[126.951757,37.178115],[126.950851,37.178735],[126.950859,37.179316],[126.950371,37.179935],[126.950544,37.180321],[126.950263,37.180464],[126.94977,37.181803],[126.949378,37.182207],[126.949262,37.182835],[126.94951,37.183161],[126.949373,37.183522],[126.94962,37.18425],[126.950149,37.185311],[126.952602,37.189174],[126.951887,37.189688],[126.951817,37.190492],[126.950783,37.19173],[126.950898,37.192301],[126.950317,37.193465],[126.950628,37.193545],[126.951307,37.194484],[126.952064,37.195103],[126.952446,37.195043],[126.953799,37.196757],[126.956856,37.197434],[126.957508,37.197324],[126.958442,37.197472],[126.958787,37.197148],[126.959754,37.196993],[126.961877,37.197161],[126.962118,37.197353],[126.963912,37.197281],[126.965552,37.197835],[126.967771,37.198275],[126.968865,37.198296]]]}},{"type":"Feature","properties":{"code":"31240520","name":"진안동","date":"20250630"},"geometry":{"type":"MultiPolygon","coordinates":[[[[127.051864,37.20366],[127.053069,37.202805],[127.052997,37.202283],[127.053424,37.201709],[127.052967,37.20142],[127.052245,37.200495],[127.051568,37.200253],[127.051298,37.199605],[127.051064,37.199547],[127.051367,37.198652],[127.050117,37.198188],[127.050288,37.197952],[127.050035,37.197898],[127.050533,37.197191],[127.049908,37.196897],[127.050616,37.196486],[127.050058,37.196],[127.047822,37.196199],[127.046363,37.196055],[127.045051,37.196594],[127.044263,37.197146],[127.042517,37.197644],[127.043034,37.197894],[127.043605,37.197799],[127.043894,37.198195],[127.044027,37.199281],[127.044353,37.199668],[127.044254,37.199921],[127.043553,37.200182],[127.043843,37.200853],[127.043552,37.200918],[127.043419,37.200563],[127.042707,37.200874],[127.04327,37.201629],[127.043928,37.201916],[127.044495,37.202631],[127.045918,37.202912],[127.046849,37.203617],[127.047278,37.20371],[127.0473,37.204135],[127.048657,37.204805],[127.049079,37.205236],[127.051864,37.20366]]],[[[127.042097,37.239032],[127.044047,37.238572],[127.043861,37.238085],[127.043587,37.237949],[127.043855,37.237828],[127.043698,37.237487],[127.043793,37.236805],[127.044351,37.23604],[127.045653,37.236028],[127.045682,37.23542],[127.046076,37.235681],[127.046078,37.232846],[127.046698,37.232872],[127.0459,37.232782],[127.045778,37.233332],[127.045422,37.233017],[127.044989,37.233234],[127.045057,37.232732],[127.044819,37.232161],[127.044312,37.228767],[127.045714,37.229262],[127.045918,37.228373],[127.046644,37.227603],[127.047866,37.22576],[127.04954,37.224346],[127.049918,37.223329],[127.050564,37.222526],[127.051156,37.22135],[127.051845,37.221066],[127.052433,37.221491],[127.052899,37.221134],[127.053787,37.221043],[127.054375,37.220512],[127.054855,37.219643],[127.05662,37.21861],[127.055133,37.217582],[127.055483,37.216002],[127.052778,37.214739],[127.054581,37.213381],[127.055132,37.212735],[127.055753,37.212596],[127.057117,37.211722],[127.058752,37.211013],[127.058839,37.210544],[127.058376,37.210231],[127.057252,37.210053],[127.056826,37.210407],[127.054538,37.210919],[127.054473,37.211067],[127.05412,37.210802],[127.054653,37.210644],[127.054394,37.210279],[127.054201,37.210457],[127.053982,37.210251],[127.05389,37.209813],[127.054521,37.208289],[127.053258,37.208233],[127.05139,37.208898],[127.051438,37.209365],[127.051018,37.209987],[127.051014,37.210423],[127.052302,37.212091],[127.052225,37.212612],[127.052747,37.212447],[127.052788,37.212662],[127.052537,37.212804],[127.052999,37.213066],[127.053338,37.213788],[127.052774,37.214091],[127.051032,37.214507],[127.046113,37.218017],[127.045549,37.218225],[127.045549,37.218724],[127.045345,37.217713],[127.045554,37.217233],[127.046874,37.216519],[127.041865,37.214072],[127.043474,37.211984],[127.042673,37.21158],[127.041475,37.21152],[127.038951,37.210928],[127.03793,37.20988],[127.03694,37.209422],[127.036387,37.208669],[127.035843,37.208391],[127.035845,37.208166],[127.035535,37.208231],[127.033906,37.20728],[127.034422,37.204529],[127.034211,37.20444],[127.033483,37.205493],[127.03276,37.20521],[127.031623,37.206944],[127.030674,37.206606],[127.03044,37.207011],[127.029399,37.206632],[127.029625,37.206232],[127.028063,37.205674],[127.027486,37.206713],[127.02638,37.20507],[127.024343,37.204343],[127.024603,37.205221],[127.024344,37.205759],[127.023585,37.206629],[127.021661,37.208021],[127.021401,37.208477],[127.02881,37.211133],[127.026977,37.212985],[127.027095,37.213087],[127.023299,37.21657],[127.025342,37.218063],[127.026068,37.220134],[127.02624,37.2201],[127.023102,37.226215],[127.023474,37.227044],[127.024145,37.227442],[127.023717,37.227737],[127.024078,37.228476],[127.02392,37.228837],[127.02401,37.229208],[127.02427,37.229353],[127.024215,37.229537],[127.023482,37.22969],[127.023582,37.230234],[127.0232,37.230894],[127.025211,37.231012],[127.026844,37.230602],[127.028493,37.231261],[127.028575,37.231063],[127.029991,37.23122],[127.02991,37.232071],[127.030191,37.232377],[127.030124,37.233017],[127.030445,37.233494],[127.031516,37.233629],[127.031629,37.233881],[127.032333,37.234224],[127.032407,37.234643],[127.032728,37.235012],[127.034075,37.235944],[127.034717,37.235958],[127.034847,37.236142],[127.034627,37.23657],[127.034836,37.236764],[127.03558,37.23684],[127.036184,37.236564],[127.037217,37.236843],[127.037401,37.236701],[127.037538,37.237071],[127.037321,37.237257],[127.037199,37.238283],[127.037435,37.238539],[127.039752,37.238997],[127.042097,37.239032]]]]}},{"type":"Feature","properties":{"code":"31240530","name":"병점1동","date":"20250630"},"geometry":{"type":"Polygon","coordinates":[[[127.039826,37.20965],[127.04452,37.203267],[127.044334,37.202471],[127.043928,37.201916],[127.04327,37.201629],[127.042707,37.200874],[127.043419,37.200563],[127.043552,37.200918],[127.043843,37.200853],[127.043553,37.200182],[127.044254,37.199921],[127.044353,37.199668],[127.044027,37.199281],[127.043894,37.198195],[127.043605,37.197799],[127.043034,37.197894],[127.0422,37.19751],[127.041475,37.197485],[127.040633,37.198191],[127.040131,37.197956],[127.039567,37.198495],[127.038595,37.198554],[127.037827,37.19882],[127.037056,37.199884],[127.036803,37.199951],[127.0329,37.200164],[127.031638,37.200034],[127.030478,37.199647],[127.029774,37.199692],[127.029379,37.200056],[127.028276,37.200233],[127.028304,37.200426],[127.027572,37.200674],[127.027228,37.200435],[127.026874,37.200872],[127.026716,37.200655],[127.026857,37.200332],[127.026157,37.200107],[127.025357,37.200855],[127.024813,37.200985],[127.024093,37.20081],[127.02356,37.2009],[127.022791,37.200504],[127.022454,37.201215],[127.022489,37.202016],[127.023319,37.20263],[127.023447,37.202941],[127.022887,37.203815],[127.02286,37.204244],[127.023087,37.204787],[127.02377,37.205195],[127.024035,37.205676],[127.024344,37.205759],[127.02459,37.205316],[127.024343,37.204343],[127.02638,37.20507],[127.027486,37.206713],[127.028063,37.205674],[127.029625,37.206232],[127.029399,37.206632],[127.03044,37.207011],[127.030674,37.206606],[127.031623,37.206944],[127.03276,37.20521],[127.033483,37.205493],[127.034211,37.20444],[127.034422,37.204529],[127.034072,37.206626],[127.033808,37.207193],[127.035535,37.208231],[127.035845,37.208166],[127.035843,37.208391],[127.036387,37.208669],[127.03694,37.209422],[127.037744,37.209746],[127.038904,37.210832],[127.039826,37.20965]]]}},{"type":"Feature","properties":{"code":"31240540","name":"병점2동","date":"20250630"},"geometry":{"type":"Polygon","coordinates":[[[127.04555,37.218298],[127.051032,37.214507],[127.052774,37.214091],[127.053338,37.213788],[127.052999,37.213066],[127.052537,37.212804],[127.052788,37.212662],[127.052747,37.212447],[127.052173,37.212535],[127.052345,37.212187],[127.051476,37.210921],[127.051251,37.21095],[127.051289,37.211231],[127.050972,37.211302],[127.051136,37.211523],[127.050706,37.212],[127.049064,37.209889],[127.048718,37.207582],[127.049082,37.205175],[127.0473,37.204135],[127.047278,37.20371],[127.046849,37.203617],[127.045918,37.202912],[127.044334,37.202471],[127.04452,37.203267],[127.038904,37.210832],[127.039363,37.211085],[127.041475,37.21152],[127.042673,37.21158],[127.043474,37.211984],[127.041865,37.214072],[127.046874,37.216519],[127.045554,37.217233],[127.045345,37.217713],[127.045549,37.218724],[127.04555,37.218298]]]}},{"type":"Feature","properties":{"code":"31240550","name":"반월동","date":"20250630"},"geometry":{"type":"Polygon","coordinates":[[[127.066472,37.240087],[127.067723,37.240102],[127.067499,37.240073],[127.06731,37.238632],[127.067932,37.236785],[127.067974,37.235522],[127.067726,37.235166],[127.067934,37.234955],[127.067955,37.234447],[127.06867,37.23351],[127.068651,37.232769],[127.069299,37.232286],[127.069479,37.231622],[127.069372,37.231019],[127.068879,37.230301],[127.068886,37.229865],[127.069556,37.229388],[127.069702,37.228649],[127.072593,37.229124],[127.073798,37.228241],[127.074823,37.228191],[127.075357,37.22669],[127.075295,37.226338],[127.075921,37.225581],[127.073069,37.226173],[127.073063,37.225875],[127.071082,37.224843],[127.070772,37.224629],[127.070794,37.224372],[127.06848,37.223047],[127.068568,37.222675],[127.068422,37.222757],[127.068399,37.222443],[127.068614,37.222493],[127.070659,37.214137],[127.070452,37.214154],[127.070545,37.21386],[127.070368,37.213751],[127.070491,37.213148],[127.064122,37.212142],[127.062917,37.217168],[127.061518,37.22027],[127.060174,37.22129],[127.05899,37.220744],[127.056513,37.218674],[127.055525,37.219141],[127.054813,37.219685],[127.054375,37.220512],[127.053787,37.221043],[127.052899,37.221134],[127.052433,37.221491],[127.051784,37.22106],[127.051087,37.221418],[127.050564,37.222526],[127.049918,37.223329],[127.04954,37.224346],[127.047866,37.22576],[127.046644,37.227603],[127.045918,37.228373],[127.045714,37.229262],[127.044312,37.228767],[127.044819,37.232161],[127.045057,37.232732],[127.044989,37.233234],[127.045422,37.233017],[127.045778,37.233332],[127.0459,37.232782],[127.046704,37.232872],[127.048032,37.233265],[127.04958,37.234068],[127.051528,37.234325],[127.053586,37.233399],[127.053775,37.23233],[127.052509,37.231541],[127.052454,37.231386],[127.052697,37.231276],[127.05596,37.232764],[127.058316,37.234184],[127.059847,37.235762],[127.060039,37.236729],[127.061537,37.237481],[127.063318,37.238953],[127.064492,37.239277],[127.065147,37.240127],[127.066472,37.240087]]]}},{"type":"Feature","properties":{"code":"31240560","name":"기배동","date":"20250630"},"geometry":{"type":"Polygon","coordinates":[[[126.987426,37.233366],[126.987691,37.233434],[126.987342,37.233736],[126.98746,37.23415],[126.988271,37.234078],[126.988519,37.233803],[126.989533,37.233555],[126.989579,37.232754],[126.989212,37.232132],[126.989466,37.231686],[126.989759,37.231614],[126.989985,37.232267],[126.990368,37.232276],[126.99057,37.231984],[126.990368,37.231438],[126.990582,37.231298],[126.990943,37.231321],[126.991596,37.23097],[126.991991,37.231208],[126.992689,37.231272],[126.993332,37.230623],[126.994858,37.230465],[126.995856,37.229627],[126.997664,37.229195],[126.997873,37.228965],[126.997766,37.228614],[126.997315,37.228285],[126.996723,37.228429],[126.996599,37.22788],[126.996808,37.227614],[126.997659,37.227717],[126.997535,37.227154],[126.9982,37.226938],[126.998278,37.22669],[126.998031,37.226294],[126.998278,37.225623],[126.998707,37.225641],[126.999067,37.226262],[126.999845,37.226321],[127.00007,37.226776],[127.000278,37.226808],[127.00056,37.226447],[127.001118,37.226519],[127.001242,37.227637],[127.001828,37.227979],[127.002391,37.229029],[127.00336,37.228884],[127.003293,37.229366],[127.002842,37.229596],[127.002704,37.229944],[127.003327,37.230195],[127.003732,37.229997],[127.003867,37.229425],[127.004245,37.229073],[127.005648,37.228857],[127.006482,37.229055],[127.006622,37.228416],[127.007208,37.22806],[127.007282,37.227555],[127.008622,37.226965],[127.01072,37.226546],[127.009396,37.226759],[127.009401,37.226584],[127.008878,37.226308],[127.008255,37.226343],[127.008359,37.225897],[127.009092,37.225176],[127.009084,37.224809],[127.009487,37.224582],[127.007279,37.224088],[127.003987,37.224097],[127.003294,37.223471],[127.002938,37.222912],[127.003226,37.222122],[127.00323,37.219533],[127.004209,37.217633],[127.004087,37.216684],[127.003835,37.216941],[127.003175,37.217035],[127.002532,37.217569],[127.002415,37.218102],[127.000268,37.219135],[126.998851,37.21864],[126.997575,37.219158],[126.995844,37.216917],[126.994949,37.216283],[126.993271,37.216573],[126.992497,37.216206],[126.991019,37.216421],[126.989729,37.215685],[126.989036,37.214872],[126.985088,37.214492],[126.984671,37.214389],[126.984291,37.213931],[126.983001,37.213838],[126.981807,37.213181],[126.980715,37.214077],[126.98035,37.214989],[126.978889,37.21674],[126.978593,37.217516],[126.978815,37.217763],[126.978839,37.218351],[126.9777,37.219707],[126.977778,37.220198],[126.978347,37.22086],[126.976951,37.220734],[126.975709,37.221983],[126.975023,37.221956],[126.974182,37.222388],[126.973039,37.223359],[126.97201,37.22501],[126.971877,37.226568],[126.971478,37.227869],[126.970476,37.22936],[126.972897,37.228728],[126.975742,37.229544],[126.976536,37.230215],[126.977784,37.229655],[126.978964,37.229455],[126.97906,37.230617],[126.979815,37.230982],[126.98013,37.231613],[126.981065,37.232527],[126.982428,37.232247],[126.982619,37.232141],[126.982733,37.231627],[126.983499,37.231429],[126.983911,37.23101],[126.984739,37.230812],[126.985083,37.231695],[126.985009,37.232239],[126.985584,37.232645],[126.9863,37.232825],[126.986029,37.233559],[126.986232,37.234091],[126.986795,37.234262],[126.986637,37.233618],[126.987426,37.233366]]]}},{"type":"Feature","properties":{"code":"31240570","name":"화산동","date":"20250630"},"geometry":{"type":"Polygon","coordinates":[[[127.010281,37.226544],[127.011383,37.226361],[127.014046,37.226703],[127.015778,37.225806],[127.018697,37.225874],[127.020719,37.225522],[127.021871,37.224544],[127.02256,37.224909],[127.023291,37.225895],[127.02624,37.2201],[127.026068,37.220134],[127.025342,37.218063],[127.023299,37.21657],[127.027095,37.213087],[127.026977,37.212985],[127.02881,37.211133],[127.021401,37.208477],[127.021661,37.208021],[127.023585,37.206629],[127.024288,37.205792],[127.022988,37.204658],[127.022887,37.203815],[127.023447,37.202941],[127.023319,37.20263],[127.022489,37.202016],[127.022454,37.201215],[127.022791,37.200504],[127.023746,37.200941],[127.024093,37.20081],[127.025017,37.200968],[127.026157,37.200107],[127.026857,37.200332],[127.027296,37.199985],[127.027363,37.19971],[127.027127,37.199512],[127.026462,37.19948],[127.025059,37.198026],[127.022283,37.197463],[127.019551,37.195927],[127.018616,37.195833],[127.018047,37.19618],[127.016482,37.195837],[127.016718,37.195446],[127.015997,37.194248],[127.015462,37.194261],[127.014212,37.195054],[127.013491,37.195018],[127.012618,37.194347],[127.012353,37.193919],[127.011677,37.193613],[127.011497,37.192427],[127.010962,37.192369],[127.010179,37.192671],[127.009943,37.192842],[127.009808,37.193644],[127.008039,37.193076],[127.00778,37.192743],[127.007848,37.192212],[127.009171,37.190279],[127.009092,37.188391],[127.009863,37.187661],[127.009785,37.187301],[127.009131,37.186841],[127.008872,37.186228],[127.008343,37.185837],[127.007222,37.185931],[127.00644,37.186508],[127.005949,37.186491],[127.006019,37.187508],[127.005306,37.1878],[127.004939,37.188324],[127.004058,37.188733],[127.003572,37.188692],[127.002977,37.189312],[127.002024,37.189794],[127.001707,37.190286],[127.0001,37.189671],[126.999263,37.189603],[126.998784,37.19049],[126.998294,37.190524],[126.997607,37.191894],[126.997033,37.192214],[126.996823,37.192825],[126.995721,37.193198],[126.994716,37.19421],[126.993155,37.194124],[126.991274,37.194445],[126.990187,37.194403],[126.989657,37.194811],[126.988345,37.194473],[126.987792,37.194505],[126.986879,37.194818],[126.984931,37.194152],[126.98496,37.194872],[126.984392,37.195868],[126.98442,37.196189],[126.983946,37.196228],[126.983719,37.197541],[126.984905,37.199028],[126.984893,37.200099],[126.985396,37.20089],[126.985099,37.201698],[126.985144,37.20238],[126.984103,37.202777],[126.983418,37.203291],[126.98292,37.204138],[126.982333,37.204797],[126.982136,37.204775],[126.981045,37.206234],[126.979895,37.206965],[126.979751,37.207661],[126.980303,37.208072],[126.97975,37.208772],[126.979837,37.209136],[126.979271,37.209414],[126.979167,37.209867],[126.979552,37.211065],[126.979716,37.212563],[126.980059,37.212925],[126.980795,37.212895],[126.981807,37.213181],[126.983001,37.213838],[126.984291,37.213931],[126.98475,37.21441],[126.989036,37.214872],[126.989729,37.215685],[126.991019,37.216421],[126.992497,37.216206],[126.993271,37.216573],[126.994949,37.216283],[126.995844,37.216917],[126.997575,37.219158],[126.998851,37.21864],[127.000268,37.219135],[127.002415,37.218102],[127.002532,37.217569],[127.003175,37.217035],[127.003835,37.216941],[127.004087,37.216684],[127.004209,37.217633],[127.00323,37.219533],[127.003226,37.222122],[127.002938,37.222912],[127.003987,37.224097],[127.007279,37.224088],[127.009487,37.224582],[127.009084,37.224809],[127.009092,37.225176],[127.008359,37.225897],[127.008255,37.226343],[127.008878,37.226308],[127.009401,37.226584],[127.009396,37.226759],[127.010281,37.226544]]]}},{"type":"Feature","properties":{"code":"31240600","name":"동탄2동","date":"20250630"},"geometry":{"type":"Polygon","coordinates":[[[127.082988,37.20008],[127.083386,37.198407],[127.082621,37.196065],[127.082139,37.192292],[127.083555,37.189124],[127.082992,37.184247],[127.080071,37.184558],[127.078538,37.185699],[127.075148,37.186927],[127.073485,37.187107],[127.073203,37.187043],[127.073147,37.186325],[127.071185,37.184033],[127.069872,37.184154],[127.068605,37.183894],[127.067916,37.184399],[127.066429,37.184193],[127.06608,37.184415],[127.065535,37.18529],[127.065661,37.185999],[127.065176,37.186392],[127.065712,37.186747],[127.066297,37.188132],[127.068029,37.189136],[127.067836,37.189669],[127.067931,37.190293],[127.068604,37.190602],[127.068372,37.190805],[127.067014,37.191079],[127.065656,37.192132],[127.065418,37.193119],[127.065779,37.193874],[127.065623,37.194227],[127.066347,37.195087],[127.066321,37.195416],[127.064975,37.197749],[127.074602,37.199893],[127.075711,37.200092],[127.075913,37.199677],[127.080267,37.200686],[127.082984,37.20055],[127.082988,37.20008]]]}},{"type":"Feature","properties":{"code":"31240610","name":"동탄1동","date":"20250630"},"geometry":{"type":"Polygon","coordinates":[[[127.073442,37.226105],[127.075295,37.225807],[127.076143,37.22546],[127.078201,37.223245],[127.077765,37.222942],[127.077974,37.222761],[127.079161,37.222493],[127.079589,37.221781],[127.080067,37.221722],[127.080367,37.22138],[127.08085,37.221455],[127.082191,37.219932],[127.083569,37.219518],[127.084876,37.21883],[127.086528,37.21747],[127.088234,37.216602],[127.087994,37.216599],[127.088103,37.216415],[127.087697,37.214763],[127.084618,37.210962],[127.08429,37.210013],[127.084353,37.209386],[127.085895,37.206301],[127.085945,37.205112],[127.085469,37.203867],[127.085008,37.203702],[127.084673,37.203263],[127.082956,37.201996],[127.083143,37.20122],[127.082984,37.20055],[127.080267,37.200686],[127.075913,37.199677],[127.075711,37.200092],[127.064975,37.197749],[127.064392,37.19907],[127.062112,37.199151],[127.060145,37.199613],[127.059477,37.199506],[127.059349,37.204605],[127.059479,37.205467],[127.062249,37.210992],[127.063514,37.212208],[127.064018,37.211989],[127.064122,37.212142],[127.070491,37.213148],[127.070368,37.213751],[127.070545,37.21386],[127.070452,37.214154],[127.070659,37.214137],[127.068614,37.222493],[127.068399,37.222443],[127.068422,37.222757],[127.068568,37.222675],[127.06848,37.223047],[127.070794,37.224372],[127.070772,37.224629],[127.071082,37.224843],[127.073063,37.225875],[127.073069,37.226173],[127.073442,37.226105]]]}},{"type":"Feature","properties":{"code":"31240620","name":"동탄3동","date":"20250630"},"geometry":{"type":"Polygon","coordinates":[[[127.060467,37.221066],[127.061518,37.22027],[127.062917,37.217168],[127.064122,37.212142],[127.064018,37.211989],[127.063514,37.212208],[127.062249,37.210992],[127.059479,37.205467],[127.059349,37.204605],[127.059477,37.199506],[127.060145,37.199613],[127.060519,37.199446],[127.058092,37.197916],[127.057147,37.197754],[127.056743,37.197495],[127.056685,37.197228],[127.056128,37.197158],[127.054454,37.197491],[127.052784,37.197067],[127.051782,37.197013],[127.050616,37.196486],[127.049908,37.196897],[127.050533,37.197191],[127.050035,37.197898],[127.050288,37.197952],[127.050117,37.198188],[127.051367,37.198652],[127.051064,37.199547],[127.051298,37.199605],[127.051568,37.200253],[127.052245,37.200495],[127.052967,37.20142],[127.053424,37.201709],[127.052997,37.202283],[127.053137,37.202593],[127.052883,37.203029],[127.049079,37.205236],[127.048718,37.207582],[127.048978,37.209692],[127.050706,37.212],[127.051136,37.211523],[127.050972,37.211302],[127.051289,37.211231],[127.051315,37.210784],[127.050976,37.210237],[127.051438,37.209365],[127.05139,37.208898],[127.053258,37.208233],[127.054521,37.208289],[127.053896,37.209723],[127.053959,37.210225],[127.054201,37.210457],[127.054394,37.210279],[127.054653,37.210644],[127.05412,37.210802],[127.054253,37.211002],[127.056174,37.210622],[127.057252,37.210053],[127.058376,37.210231],[127.058774,37.210474],[127.058752,37.211013],[127.057117,37.211722],[127.055753,37.212596],[127.055132,37.212735],[127.054581,37.213381],[127.052778,37.214739],[127.055402,37.215921],[127.055531,37.216233],[127.055183,37.217657],[127.05662,37.21861],[127.056548,37.21872],[127.05899,37.220744],[127.060174,37.22129],[127.060467,37.221066]]]}},{"type":"Feature","properties":{"code":"31240640","name":"동탄4동","date":"20250630"},"geometry":{"type":"Polygon","coordinates":[[[127.109992,37.203332],[127.11473,37.203691],[127.116801,37.203659],[127.120965,37.202924],[127.120816,37.201963],[127.130343,37.201247],[127.13093,37.199503],[127.131093,37.198261],[127.131313,37.198252],[127.131501,37.195692],[127.130029,37.196098],[127.128554,37.19604],[127.12703,37.195715],[127.126415,37.19621],[127.126012,37.195977],[127.12523,37.196033],[127.124488,37.195281],[127.123403,37.194983],[127.122731,37.195136],[127.121604,37.194293],[127.119812,37.193507],[127.120627,37.192269],[127.120741,37.191616],[127.121432,37.191254],[127.119315,37.18974],[127.11662,37.189153],[127.116048,37.189395],[127.115516,37.18877],[127.115667,37.18839],[127.115389,37.187555],[127.11561,37.186306],[127.114428,37.185961],[127.113586,37.184958],[127.113425,37.184298],[127.113079,37.18393],[127.112594,37.183931],[127.111915,37.18424],[127.111412,37.184034],[127.110885,37.184248],[127.110506,37.184019],[127.108363,37.184474],[127.108035,37.184301],[127.106756,37.184652],[127.107183,37.184695],[127.106972,37.184795],[127.105176,37.185179],[127.102777,37.18665],[127.102988,37.187244],[127.102936,37.187757],[127.103514,37.188922],[127.104042,37.18933],[127.10412,37.189969],[127.103065,37.189865],[127.102866,37.189736],[127.103043,37.189543],[127.102426,37.189149],[127.102059,37.189106],[127.101648,37.189412],[127.101096,37.18897],[127.100114,37.189412],[127.099142,37.190813],[127.099142,37.192447],[127.098823,37.19258],[127.098797,37.204715],[127.104426,37.20419],[127.107975,37.203479],[127.109992,37.203332]]]}},{"type":"Feature","properties":{"code":"31240650","name":"동탄5동","date":"20250630"},"geometry":{"type":"Polygon","coordinates":[[[127.119341,37.219329],[127.120803,37.219421],[127.122666,37.218799],[127.123708,37.218713],[127.124694,37.218223],[127.127361,37.217778],[127.129119,37.217241],[127.130244,37.217214],[127.13164,37.216883],[127.132889,37.216485],[127.13379,37.215885],[127.136685,37.215533],[127.137466,37.21567],[127.139946,37.217213],[127.141103,37.217317],[127.143236,37.21861],[127.145387,37.218944],[127.145874,37.219191],[127.146775,37.219006],[127.148415,37.219526],[127.149232,37.219563],[127.149789,37.219921],[127.150254,37.219733],[127.150691,37.22001],[127.152007,37.21817],[127.151503,37.217633],[127.151596,37.217285],[127.151276,37.216223],[127.15149,37.214332],[127.151727,37.213875],[127.153055,37.21257],[127.153872,37.21121],[127.154103,37.210143],[127.15444,37.209738],[127.155427,37.209543],[127.156301,37.208801],[127.157327,37.206948],[127.156986,37.206571],[127.156439,37.206482],[127.155672,37.205987],[127.155626,37.205316],[127.155354,37.20483],[127.155388,37.20362],[127.154971,37.203325],[127.154296,37.202128],[127.153377,37.201893],[127.152744,37.200986],[127.152608,37.200176],[127.152061,37.199536],[127.152235,37.19841],[127.150379,37.198224],[127.148625,37.197093],[127.146123,37.196852],[127.145815,37.196566],[127.14471,37.19685],[127.143587,37.196197],[127.142354,37.196086],[127.140551,37.196249],[127.139974,37.196091],[127.13919,37.196318],[127.138484,37.196116],[127.13815,37.195528],[127.137621,37.195348],[127.137163,37.195577],[127.136379,37.195333],[127.135831,37.195377],[127.134592,37.196173],[127.133721,37.196465],[127.132814,37.195933],[127.131501,37.195692],[127.131313,37.198252],[127.131093,37.198261],[127.13093,37.199503],[127.130343,37.201247],[127.120816,37.201963],[127.120965,37.202924],[127.117731,37.203551],[127.115265,37.203715],[127.108983,37.203349],[127.104426,37.20419],[127.100674,37.20465],[127.085828,37.204713],[127.085964,37.205604],[127.085851,37.206465],[127.084353,37.209386],[127.08429,37.210013],[127.084618,37.210962],[127.087697,37.214763],[127.088103,37.216415],[127.087994,37.216599],[127.08881,37.216179],[127.088895,37.216602],[127.091396,37.216831],[127.093138,37.217838],[127.095759,37.218396],[127.097965,37.218453],[127.099691,37.218883],[127.102201,37.2192],[127.104638,37.219834],[127.106418,37.219789],[127.109798,37.219303],[127.111072,37.219501],[127.111984,37.219306],[127.113539,37.219438],[127.115116,37.219133],[127.115682,37.219289],[127.116045,37.219731],[127.117708,37.220011],[127.118453,37.219881],[127.118778,37.21951],[127.119341,37.219329]]]}},{"type":"Feature","properties":{"code":"31240670","name":"새솔동","date":"20250630"},"geometry":{"type":"Polygon","coordinates":[[[126.823122,37.28679],[126.824968,37.283963],[126.826988,37.278298],[126.827534,37.277347],[126.828105,37.276921],[126.829181,37.276665],[126.833962,37.276919],[126.835607,37.276569],[126.837202,37.275025],[126.837338,37.272187],[126.840065,37.26892],[126.841388,37.267726],[126.842629,37.267284],[126.841439,37.266288],[126.837371,37.27072],[126.835392,37.271028],[126.831285,37.273783],[126.828901,37.270642],[126.827864,37.27042],[126.827582,37.270623],[126.827313,37.270518],[126.826708,37.271029],[126.825344,37.271628],[126.825652,37.272251],[126.825436,37.272581],[126.824227,37.272687],[126.824969,37.272882],[126.823825,37.273263],[126.823324,37.274028],[126.821329,37.275082],[126.820647,37.275664],[126.818993,37.276213],[126.817582,37.276946],[126.816355,37.277222],[126.815593,37.277769],[126.814888,37.27767],[126.813612,37.278569],[126.811674,37.279002],[126.811525,37.279311],[126.810071,37.280182],[126.809679,37.28066],[126.809801,37.280601],[126.81003,37.28129],[126.810533,37.281761],[126.810708,37.282225],[126.810628,37.282601],[126.810944,37.283004],[126.811232,37.283274],[126.811945,37.283151],[126.81233,37.283919],[126.812091,37.284159],[126.814066,37.284764],[126.812585,37.286079],[126.810554,37.286632],[126.809654,37.286007],[126.808393,37.285891],[126.806882,37.284821],[126.805148,37.284617],[126.804973,37.284276],[126.804629,37.284272],[126.804755,37.293704],[126.809247,37.293638],[126.813611,37.292972],[126.815215,37.292471],[126.819208,37.290464],[126.821494,37.288546],[126.823122,37.28679]]]}},{"type":"Feature","properties":{"code":"31240691","name":"동탄7동","date":"20250630"},"geometry":{"type":"Polygon","coordinates":[[[127.11403,37.179463],[127.116636,37.17988],[127.120099,37.17965],[127.122104,37.179276],[127.122936,37.179377],[127.124127,37.179841],[127.126161,37.179534],[127.124996,37.176589],[127.124148,37.173775],[127.123441,37.168466],[127.124073,37.168413],[127.124233,37.168121],[127.125605,37.168826],[127.126138,37.169763],[127.126572,37.170009],[127.126381,37.171044],[127.12759,37.17084],[127.127895,37.170005],[127.127729,37.169072],[127.129083,37.168648],[127.130152,37.16886],[127.130774,37.168264],[127.132163,37.168102],[127.132562,37.16828],[127.132863,37.167474],[127.133352,37.167013],[127.133462,37.166535],[127.134,37.16612],[127.133866,37.165851],[127.134085,37.165091],[127.133254,37.164513],[127.13271,37.164386],[127.132447,37.163828],[127.131624,37.164029],[127.131435,37.163451],[127.131516,37.163014],[127.131202,37.162628],[127.129401,37.162096],[127.127791,37.162329],[127.12699,37.162205],[127.124237,37.16305],[127.122814,37.163022],[127.122724,37.16251],[127.121202,37.16269],[127.117101,37.163949],[127.11719,37.164453],[127.116561,37.164683],[127.115746,37.164007],[127.115317,37.164237],[127.11463,37.165998],[127.112312,37.165686],[127.103386,37.165693],[127.099903,37.164848],[127.09112,37.164809],[127.095808,37.174967],[127.096429,37.175713],[127.097858,37.176701],[127.098156,37.177664],[127.100545,37.177569],[127.10522,37.178175],[127.108792,37.179092],[127.111602,37.18019],[127.112634,37.17966],[127.11403,37.179463]]]}},{"type":"Feature","properties":{"code":"31240700","name":"동탄6동","date":"20250630"},"geometry":{"type":"Polygon","coordinates":[[[127.087103,37.204719],[127.098797,37.204715],[127.098823,37.19258],[127.099142,37.192447],[127.099142,37.190813],[127.100114,37.189412],[127.101096,37.18897],[127.101648,37.189412],[127.102059,37.189106],[127.102374,37.189136],[127.103043,37.189543],[127.102866,37.189736],[127.103065,37.189865],[127.10412,37.189969],[127.104042,37.18933],[127.103514,37.188922],[127.102936,37.187757],[127.102988,37.187244],[127.102777,37.18665],[127.105176,37.185179],[127.106972,37.184795],[127.107183,37.184695],[127.106756,37.184652],[127.108035,37.184301],[127.108363,37.184474],[127.110506,37.184019],[127.110885,37.184248],[127.111412,37.184034],[127.111915,37.18424],[127.112594,37.183931],[127.113079,37.18393],[127.113071,37.183709],[127.117065,37.183721],[127.115688,37.182571],[127.113725,37.181298],[127.111595,37.180186],[127.108792,37.179092],[127.105847,37.1783],[127.10352,37.177917],[127.100545,37.177569],[127.098156,37.177664],[127.097858,37.176701],[127.096429,37.175713],[127.095808,37.174967],[127.089334,37.160957],[127.088762,37.16085],[127.08867,37.160602],[127.08392,37.161156],[127.083781,37.160878],[127.083566,37.161502],[127.083171,37.161696],[127.082133,37.161567],[127.080523,37.161685],[127.07987,37.161379],[127.078914,37.162524],[127.078565,37.1622],[127.077867,37.162426],[127.077428,37.162183],[127.076189,37.162112],[127.075436,37.162598],[127.075841,37.162751],[127.075661,37.163085],[127.075864,37.163265],[127.075898,37.163707],[127.074716,37.164338],[127.074795,37.164617],[127.073389,37.165555],[127.073559,37.166411],[127.073255,37.166925],[127.072033,37.167419],[127.072144,37.16758],[127.071303,37.168236],[127.071377,37.169557],[127.070928,37.169993],[127.070691,37.170575],[127.070849,37.171081],[127.070581,37.173111],[127.070851,37.173381],[127.070756,37.173976],[127.07235,37.174069],[127.073094,37.174562],[127.072589,37.175026],[127.072352,37.175839],[127.072027,37.176145],[127.072219,37.178944],[127.071871,37.179862],[127.072187,37.180702],[127.072007,37.181632],[127.072131,37.181944],[127.071592,37.182546],[127.071739,37.183204],[127.071446,37.183557],[127.071525,37.183753],[127.071185,37.184033],[127.073147,37.186325],[127.073203,37.187043],[127.074937,37.186972],[127.076522,37.186435],[127.078642,37.185651],[127.080071,37.184558],[127.082992,37.184247],[127.083555,37.189124],[127.082139,37.192292],[127.082621,37.196065],[127.083386,37.198407],[127.082988,37.20008],[127.083143,37.20122],[127.082956,37.201996],[127.084673,37.203263],[127.085008,37.203702],[127.085343,37.20371],[127.085828,37.204713],[127.087103,37.204719]]]}},{"type":"Feature","properties":{"code":"31240710","name":"동탄8동","date":"20250630"},"geometry":{"type":"Polygon","coordinates":[[[127.114655,37.165926],[127.115317,37.164237],[127.115746,37.164007],[127.116561,37.164683],[127.11719,37.164453],[127.117101,37.163949],[127.121202,37.16269],[127.122724,37.16251],[127.122814,37.163022],[127.124237,37.16305],[127.12699,37.162205],[127.127791,37.162329],[127.129401,37.162096],[127.129007,37.161995],[127.128887,37.16149],[127.128316,37.160994],[127.128308,37.160292],[127.127976,37.159878],[127.128916,37.159496],[127.128974,37.15831],[127.129593,37.15825],[127.130081,37.157677],[127.130052,37.157262],[127.129695,37.156881],[127.129465,37.156883],[127.12959,37.15676],[127.128935,37.155669],[127.129173,37.155257],[127.128615,37.154355],[127.129134,37.154147],[127.12926,37.153323],[127.129583,37.152825],[127.130219,37.15259],[127.130456,37.151904],[127.130374,37.151293],[127.129913,37.1511],[127.129485,37.150565],[127.129478,37.14869],[127.127856,37.147444],[127.127761,37.147173],[127.127962,37.146693],[127.128326,37.146458],[127.127696,37.145471],[127.126993,37.145791],[127.125531,37.145321],[127.124699,37.14538],[127.123276,37.144771],[127.122838,37.144376],[127.122185,37.144278],[127.121465,37.144522],[127.120148,37.144406],[127.119822,37.144596],[127.118897,37.143659],[127.118166,37.143903],[127.117503,37.144589],[127.115983,37.144257],[127.11452,37.144376],[127.113946,37.144673],[127.11345,37.144304],[127.111852,37.144135],[127.111142,37.143793],[127.110274,37.142388],[127.109306,37.142488],[127.108822,37.142804],[127.107697,37.142895],[127.10639,37.142275],[127.106311,37.142049],[127.105276,37.142041],[127.104341,37.141727],[127.103756,37.141889],[127.103747,37.143268],[127.103038,37.143863],[127.103093,37.14455],[127.102783,37.145672],[127.100378,37.146349],[127.100775,37.14806],[127.100296,37.14803],[127.099561,37.149164],[127.099246,37.151171],[127.097644,37.151788],[127.097564,37.152041],[127.098129,37.152875],[127.098804,37.15314],[127.098435,37.153523],[127.098705,37.153979],[127.09854,37.154304],[127.098254,37.154405],[127.098094,37.154891],[127.09835,37.154991],[127.098353,37.155347],[127.098102,37.15573],[127.097135,37.15627],[127.095719,37.157453],[127.0952,37.158546],[127.094861,37.158554],[127.093863,37.159127],[127.093709,37.159468],[127.092713,37.159301],[127.091671,37.159464],[127.089154,37.160494],[127.089334,37.160957],[127.09112,37.164809],[127.099903,37.164848],[127.103386,37.165693],[127.112312,37.165686],[127.114655,37.165926]]]}},{"type":"Feature","properties":{"code":"31240720","name":"동탄9동","date":"20250630"},"geometry":{"type":"Polygon","coordinates":[[[127.152952,37.197275],[127.153785,37.197498],[127.154731,37.197393],[127.155416,37.197691],[127.155527,37.196958],[127.156554,37.195831],[127.156743,37.195299],[127.157407,37.194935],[127.158558,37.193839],[127.160252,37.192857],[127.160364,37.192592],[127.16084,37.192393],[127.160881,37.192037],[127.161148,37.19187],[127.161367,37.191217],[127.161299,37.190492],[127.16093,37.190293],[127.160814,37.189753],[127.160576,37.189566],[127.160571,37.188766],[127.160212,37.187411],[127.160415,37.186979],[127.160196,37.186044],[127.158505,37.183703],[127.159717,37.182389],[127.160663,37.179845],[127.159772,37.17953],[127.15912,37.177975],[127.158173,37.177442],[127.157742,37.176951],[127.156326,37.176521],[127.155397,37.176708],[127.153889,37.175869],[127.153113,37.173659],[127.152136,37.172685],[127.15197,37.171724],[127.151049,37.171602],[127.150003,37.170814],[127.149137,37.170558],[127.148713,37.169892],[127.1475,37.169778],[127.146941,37.170106],[127.145495,37.169733],[127.144891,37.169851],[127.144581,37.17027],[127.1439,37.170309],[127.143187,37.169918],[127.140558,37.169139],[127.13997,37.169465],[127.1395,37.169496],[127.135627,37.168939],[127.134709,37.169308],[127.133745,37.169307],[127.133024,37.168969],[127.132566,37.168269],[127.132163,37.168102],[127.130774,37.168264],[127.130152,37.16886],[127.129083,37.168648],[127.127729,37.169072],[127.127895,37.170005],[127.12759,37.17084],[127.126381,37.171044],[127.126572,37.170009],[127.126138,37.169763],[127.125605,37.168826],[127.124233,37.168121],[127.124073,37.168413],[127.123441,37.168466],[127.12396,37.172816],[127.12474,37.175839],[127.126161,37.179534],[127.124127,37.179841],[127.122936,37.179377],[127.122104,37.179276],[127.120099,37.17965],[127.116636,37.17988],[127.113762,37.179463],[127.112634,37.17966],[127.111602,37.18019],[127.114905,37.182026],[127.117065,37.183721],[127.113071,37.183709],[127.113585,37.184639],[127.113586,37.184958],[127.114428,37.185961],[127.11561,37.186306],[127.115389,37.187555],[127.115667,37.18839],[127.115516,37.18877],[127.116048,37.189395],[127.11662,37.189153],[127.119315,37.18974],[127.121432,37.191254],[127.120741,37.191616],[127.120627,37.192269],[127.119812,37.193507],[127.121604,37.194293],[127.122731,37.195136],[127.123403,37.194983],[127.123953,37.195089],[127.124488,37.195281],[127.12523,37.196033],[127.126012,37.195977],[127.126415,37.19621],[127.12703,37.195715],[127.128554,37.19604],[127.130029,37.196098],[127.131105,37.195696],[127.131605,37.195691],[127.132814,37.195933],[127.133721,37.196465],[127.134592,37.196173],[127.135831,37.195377],[127.136379,37.195333],[127.137163,37.195577],[127.137621,37.195348],[127.13815,37.195528],[127.138484,37.196116],[127.13919,37.196318],[127.139974,37.196091],[127.140551,37.196249],[127.142354,37.196086],[127.143587,37.196197],[127.14471,37.19685],[127.145815,37.196566],[127.146123,37.196852],[127.148625,37.197093],[127.150379,37.198224],[127.152232,37.198419],[127.152608,37.198163],[127.152952,37.197275]]]}}]}